timestamp,Open_x,High_x,Low_x,Close_x,Open_y,High_y,Low_y,Close_y,FundingRate,datetime
1609459200000,28948.19,29668.86,28627.12,29337.16,28923.63000000,29600.00000000,28624.57000000,29331.69000000,0.00036744,
1609545600000,29337.15,33480.00,28958.24,32199.91,29331.70000000,33300.00000000,28946.53000000,32178.33000000,0.00010000,
1609632000000,32198.41,34832.25,32000.02,33054.53,32176.45000000,34778.11000000,31962.99000000,33000.05000000,0.00115471,
1609718400000,33053.93,33653.56,27800.00,32031.07,33000.05000000,33600.00000000,28130.00000000,31988.71000000,0.00164126,
1609804800000,32029.55,34500.00,29900.00,33999.52,31989.75000000,34360.00000000,29900.00000000,33949.53000000,0.00056137,
1609891200000,33999.51,37037.51,33356.46,36823.68,33949.53000000,36939.21000000,33288.00000000,36769.36000000,0.00062904,
1609977600000,36825.77,40565.62,36337.36,39498.92,36769.36000000,40365.00000000,36300.00000000,39432.28000000,0.00149253,
1610064000000,39498.32,42125.51,36539.77,40637.23,39432.48000000,41950.00000000,36500.00000000,40582.81000000,0.00213517,
1610150400000,40638.91,41539.88,38733.28,40136.04,40586.96000000,41380.00000000,38720.00000000,40088.22000000,0.00131892,
1610236800000,40136.05,41412.12,35268.00,38221.67,40088.22000000,41350.00000000,35111.11000000,38150.02000000,0.00145604,
1610323200000,38200.01,38322.18,30448.00,35408.46,38150.02000000,38264.74000000,30420.00000000,35404.47000000,0.00086486,
1610409600000,35406.92,36693.44,32600.00,34056.90,35410.37000000,36628.00000000,32531.00000000,34051.24000000,0.00033526,
1610496000000,34065.53,37880.00,32420.00,37421.07,34049.15000000,37850.00000000,32380.00000000,37371.38000000,0.00054945,
1610582400000,37416.34,40189.39,36764.33,39163.31,37371.38000000,40100.00000000,36701.23000000,39144.50000000,0.00078331,
1610668800000,39163.31,39790.00,34478.00,36755.24,39145.21000000,39747.76000000,34408.00000000,36742.22000000,0.00068503,
1610755200000,36755.25,38000.00,35366.00,36025.66,36737.43000000,37950.00000000,35357.80000000,35994.98000000,0.00010000,
1610841600000,36025.65,36898.00,33863.50,35869.83,35994.98000000,36852.50000000,33850.00000000,35828.61000000,0.00068496,
1610928000000,35875.72,37547.94,34808.47,36686.86,35824.99000000,37469.83000000,34800.00000000,36631.27000000,0.00055375,
1611014400000,36690.00,37961.00,35850.00,35891.03,36622.46000000,37850.00000000,35844.06000000,35891.49000000,0.00061670,
1611100800000,35891.74,36461.44,33403.00,35500.00,35901.94000000,36415.31000000,33400.00000000,35468.23000000,0.00158467,
1611187200000,35499.23,35636.17,30069.90,30879.97,35468.23000000,35600.00000000,30071.00000000,30850.13000000,0.00042078,
1611273600000,30875.77,33831.52,28880.00,32986.34,30851.99000000,33826.53000000,28850.00000000,32945.17000000,0.00026589,
1611360000000,32990.08,33495.00,31405.00,32086.48,32950.00000000,33456.00000000,31390.16000000,32078.00000000,0.00010000,
1611446400000,32086.48,33125.75,30914.20,32275.63,32078.00000000,33071.00000000,30900.00000000,32259.90000000,0.00010000,
1611532800000,32274.88,34880.00,31921.47,32253.68,32259.45000000,34875.00000000,31910.00000000,32254.20000000,0.00041388,
1611619200000,32253.68,32950.00,30810.00,32474.14,32254.19000000,32921.88000000,30837.37000000,32467.77000000,0.00042414,
1611705600000,32474.81,32562.20,29240.00,30381.04,32464.01000000,32557.29000000,29241.72000000,30366.15000000,0.00010000,
1611792000000,30382.96,33778.95,29843.33,33399.75,30362.19000000,33783.98000000,29842.10000000,33364.86000000,0.00010000,
1611878400000,33399.99,38641.10,31960.00,34269.35,33368.18000000,38531.90000000,31915.40000000,34252.20000000,0.00022262,
1611964800000,34267.04,34988.88,32849.06,34289.85,34246.28000000,34933.00000000,32825.00000000,34262.88000000,0.00039208,
1612051200000,34284.76,34393.22,32193.04,33126.21,34262.89000000,34342.69000000,32171.67000000,33092.98000000,0.00052428,
1612137600000,33125.11,34720.00,32322.47,33546.09,33092.97000000,34717.27000000,32296.16000000,33526.37000000,0.00044234,
1612224000000,33546.08,36041.00,33450.00,35504.06,33517.09000000,35984.33000000,33418.00000000,35466.24000000,0.00036787,
1612310400000,35504.07,37700.00,35410.00,37652.51,35472.71000000,37662.63000000,35362.38000000,37618.87000000,0.00122181,
1612396800000,37651.92,38833.00,36233.00,36976.93,37620.26000000,38708.27000000,36161.95000000,36936.66000000,0.00075287,
1612483200000,36975.19,38411.82,36586.68,38362.65,36936.65000000,38310.12000000,36570.00000000,38290.24000000,0.00061936,
1612569600000,38357.17,40992.40,38269.00,39249.54,38289.32000000,40955.51000000,38215.94000000,39186.94000000,0.00099154,
1612656000000,39249.53,39757.87,37403.27,38849.25,39181.01000000,39700.00000000,37351.00000000,38795.69000000,0.00155546,
1612742400000,38849.24,47146.00,38037.00,46451.32,38795.69000000,46794.45000000,37988.89000000,46374.87000000,0.00059267,
1612828800000,46451.32,48266.36,45057.65,46492.54,46374.86000000,48142.19000000,44961.09000000,46420.42000000,0.00248993,
1612915200000,46492.53,47475.00,43770.00,44850.00,46420.42000000,47310.00000000,43727.00000000,44807.58000000,0.00161159,
1613001600000,44850.00,48810.00,44038.97,48060.21,44807.58000000,48678.90000000,43994.02000000,47969.51000000,0.00076742,
1613088000000,48060.21,49278.98,46121.00,47361.03,47968.66000000,48985.80000000,46125.00000000,47287.60000000,0.00128772,
1613174400000,47364.00,48290.00,46252.10,47221.62,47298.15000000,48150.00000000,46202.53000000,47153.69000000,0.00105533,
1613260800000,47221.63,49875.16,47093.16,48655.21,47156.78000000,49707.43000000,47014.17000000,48577.79000000,0.00075946,
1613347200000,48655.21,49100.00,45349.21,47981.58,48580.47000000,49010.92000000,45570.79000000,47911.10000000,0.00117860,
1613433600000,47981.60,50953.44,47101.02,49197.94,47911.10000000,50689.18000000,47003.62000000,49133.45000000,0.00068133,
1613520000000,49197.93,52800.00,49029.62,52194.62,49133.45000000,52618.74000000,48947.00000000,52119.71000000,0.00141818,
1613606400000,52194.62,52640.00,50948.00,51619.70,52117.67000000,52530.00000000,50901.90000000,51552.60000000,0.00147112,
1613692800000,51612.46,56582.00,50800.00,56004.10,51552.61000000,56368.00000000,50710.20000000,55906.00000000,0.00125842,
1613779200000,56005.85,57699.00,53905.00,55917.41,55906.00000000,57700.46000000,53863.93000000,55841.19000000,0.00156318,
1613865600000,55908.45,58472.14,55564.50,57487.43,55841.19000000,58352.80000000,55477.59000000,57408.57000000,0.00122535,
1613952000000,57475.50,57591.87,47751.42,54121.10,57412.35000000,57508.47000000,47622.00000000,54087.67000000,0.00125820,
1614038400000,54125.55,54260.12,44893.82,48930.00,54087.67000000,54183.59000000,44892.56000000,48891.00000000,0.00024947,
1614124800000,48930.01,51435.58,47000.00,49702.03,48891.00000000,51374.99000000,46988.69000000,49676.20000000,0.00013281,
1614211200000,49702.05,52134.96,46685.43,47089.37,49676.21000000,52041.73000000,46674.34000000,47073.73000000,0.00037289,
1614297600000,47087.97,48438.01,44100.00,46313.13,47073.73000000,48424.11000000,44106.78000000,46276.87000000,0.00010000,
1614384000000,46313.12,48476.05,44926.77,46102.63,46276.88000000,48394.00000000,45000.00000000,46106.43000000,0.00010000,
1614470400000,46097.09,46678.00,43002.05,45163.36,46103.67000000,46638.46000000,43000.00000000,45135.66000000,0.00010038,
1614556800000,45162.64,49800.00,44972.49,49592.70,45134.11000000,49790.00000000,44950.53000000,49587.03000000,0.00016921,
1614643200000,49594.99,50221.77,47058.06,48450.57,49595.76000000,50200.00000000,47047.60000000,48440.65000000,0.00010000,
1614729600000,48454.21,52681.51,48110.66,50373.75,48436.61000000,52640.00000000,48100.71000000,50349.37000000,0.00010000,
1614816000000,50373.75,51800.00,47500.00,48385.77,50349.37000000,51773.88000000,47500.00000000,48374.09000000,0.00010000,
1614902400000,48385.77,49470.00,46320.00,48770.57,48374.09000000,49448.93000000,46300.00000000,48751.71000000,0.00010000,
1614988800000,48772.68,49253.63,47090.00,48908.21,48746.81000000,49200.00000000,47070.00000000,48882.20000000,0.00010000,
1615075200000,48908.21,51480.00,48908.21,50995.27,48882.20000000,51450.03000000,48882.20000000,50971.75000000,0.00010000,
1615161600000,50991.35,52450.00,49310.00,52429.43,50959.11000000,52402.78000000,49274.67000000,52375.17000000,0.00010000,
1615248000000,52429.43,54950.00,51880.00,54917.78,52375.18000000,54895.00000000,51789.41000000,54884.50000000,0.00072419,
1615334400000,54917.78,57500.92,53061.00,55947.98,54874.67000000,57387.69000000,53005.00000000,55851.59000000,0.00057038,
1615420800000,55949.30,58283.00,54356.44,57844.52,55851.59000000,58150.00000000,54272.82000000,57773.16000000,0.00095931,
1615507200000,57842.64,58186.33,55074.30,57291.03,57773.15000000,58081.51000000,54962.84000000,57221.72000000,0.00085439,
1615593600000,57291.04,61950.00,56136.00,61267.41,57221.72000000,61844.00000000,56078.23000000,61188.39000000,0.00047834,
1615680000000,61267.41,61798.00,59005.00,59037.12,61188.38000000,61724.79000000,58966.78000000,58968.31000000,0.00057114,
1615766400000,59037.11,60740.00,54517.28,55646.61,58976.08000000,60633.43000000,54600.00000000,55605.20000000,0.00115069,
1615852800000,55646.61,56988.00,53335.00,56954.19,55605.20000000,56938.29000000,53271.34000000,56900.75000000,0.00015776,
1615939200000,56953.23,59078.79,54154.93,58959.00,56900.74000000,58974.73000000,54123.69000000,58912.97000000,0.00040673,
1616025600000,58959.01,60510.00,57072.00,57700.01,58912.97000000,60129.97000000,57023.00000000,57648.16000000,0.00024575,
1616112000000,57700.01,59550.00,56301.27,58089.11,57641.00000000,59468.00000000,56270.74000000,58030.01000000,0.00032547,
1616198400000,58089.11,59948.00,57881.00,58145.61,58030.01000000,59880.00000000,57820.17000000,58102.28000000,0.00049280,
1616284800000,58144.44,58638.70,55403.55,57415.18,58100.02000000,58589.10000000,55450.11000000,57351.56000000,0.00031366,
1616371200000,57415.19,58500.00,53635.81,54129.56,57351.56000000,58430.73000000,53650.00000000,54083.25000000,0.00010000,
1616457600000,54129.56,55890.68,52981.40,54400.00,54083.25000000,55830.90000000,53000.00000000,54340.89000000,0.00024210,
1616544000000,54400.00,57234.79,51666.00,52311.54,54342.80000000,57200.00000000,51700.00000000,52303.65000000,0.00042245,
1616630400000,52307.89,53255.20,50452.08,51325.21,52303.66000000,53287.00000000,50427.56000000,51293.78000000,0.00011828,
1616716800000,51325.21,55123.00,51260.00,55030.00,51293.78000000,55073.46000000,51214.60000000,55025.59000000,0.00010000,
1616803200000,55030.00,56658.76,54001.00,55828.00,55025.59000000,56700.36000000,53950.00000000,55817.14000000,0.00010000,
1616889600000,55828.00,56588.31,54694.91,55805.08,55817.14000000,56559.75000000,54691.84000000,55777.63000000,0.00010000,
1616976000000,55804.16,58490.11,54931.15,57677.64,55777.65000000,58405.82000000,54800.01000000,57635.47000000,0.00010000,
1617062400000,57676.14,59560.00,57110.00,58794.16,57635.46000000,59368.00000000,57071.35000000,58746.57000000,0.00018171,
1617148800000,58794.17,59920.00,56812.00,58807.24,58746.57000000,59800.00000000,56769.00000000,58740.55000000,0.00080754,
1617235200000,58810.99,59592.22,58002.00,58794.01,58739.46000000,59490.00000000,57935.45000000,58720.44000000,0.00058414,
1617321600000,58797.56,60397.85,58490.03,59031.36,58720.45000000,60200.00000000,58428.57000000,58950.01000000,0.00071058,
1617408000000,59028.99,59925.00,56900.00,57134.65,58950.01000000,59791.72000000,56880.00000000,57051.94000000,0.00101970,
1617494400000,57134.65,58553.00,56517.23,58234.61,57051.95000000,58492.85000000,56388.00000000,58202.01000000,0.00052090,
1617580800000,58234.61,59385.00,56808.94,59243.39,58202.01000000,59272.00000000,56777.77000000,59129.99000000,0.00039464,
1617667200000,59243.40,59626.18,57500.00,58059.99,59129.99000000,59495.24000000,57413.02000000,57991.15000000,0.00037409,
1617753600000,58060.00,58720.00,55536.07,56018.18,57990.03000000,58655.00000000,55473.00000000,55953.45000000,0.00057609,
1617840000000,56018.17,58200.00,55759.13,58122.26,55953.44000000,58153.31000000,55700.00000000,58077.52000000,0.00053660,
1617926400000,58122.93,58950.00,57700.00,58176.03,58077.52000000,58894.90000000,57654.00000000,58142.54000000,0.00019611,
1618012800000,58176.04,61800.00,57943.95,59832.43,58142.55000000,61500.00000000,57900.01000000,59769.13000000,0.00021785,
1618099200000,59832.43,60816.88,59304.02,60090.20,59769.13000000,60699.00000000,59232.52000000,60002.43000000,0.00119652,
1618185600000,60093.26,61449.91,59500.00,59911.18,59998.80000000,61300.00000000,59350.59000000,59860.00000000,0.00105998,
1618272000000,59911.19,63850.00,59873.01,63649.71,59860.01000000,63777.77000000,59805.15000000,63575.00000000,0.00094343,
1618358400000,63645.05,64986.11,61404.00,63019.10,63575.01000000,64854.00000000,61301.00000000,62959.53000000,0.00122670,
1618444800000,63018.34,63905.83,62157.89,63232.55,62959.53000000,63800.00000000,62020.00000000,63159.98000000,0.00104786,
1618531200000,63232.56,63600.00,60100.00,61424.67,63158.74000000,63520.61000000,60000.00000000,61334.80000000,0.00110324,
1618617600000,61424.67,62610.00,59620.00,60090.14,61334.81000000,62506.05000000,59580.91000000,60006.66000000,0.00115519,
1618704000000,60090.14,60450.00,50050.00,56140.05,60006.67000000,60499.00000000,50931.30000000,56150.01000000,0.00087572,
1618790400000,56140.05,57532.70,54200.00,55634.39,56150.01000000,57526.81000000,54221.58000000,55633.14000000,0.00010000,
1618876800000,55634.38,57060.00,53330.82,56410.56,55633.14000000,57076.24000000,53329.96000000,56425.00000000,0.00010000,
1618963200000,56411.25,56756.78,53610.00,53800.00,56425.00000000,56757.91000000,53536.02000000,53787.63000000,0.00010000,
1619049600000,53794.72,55470.51,50534.34,51714.61,53787.62000000,55521.48000000,50500.00000000,51690.96000000,0.00010000,
1619136000000,51714.62,52152.00,47546.16,51122.62,51690.95000000,52131.85000000,47500.00000000,51125.14000000,0.00010000,
1619222400000,51122.63,51183.51,48690.00,50092.40,51110.56000000,51166.22000000,48657.14000000,50047.84000000,0.00010000,
1619308800000,50094.27,50577.90,46930.43,49063.94,50047.84000000,50567.91000000,46930.00000000,49066.77000000,0.00021700,
1619395200000,49063.94,54364.89,48763.00,53984.33,49066.76000000,54356.62000000,48753.44000000,54001.39000000,0.00010000,
1619481600000,53984.34,55500.00,53225.14,55006.25,54001.38000000,55460.00000000,53222.00000000,55011.97000000,0.00010000,
1619568000000,55006.25,56574.13,53852.00,54861.77,55011.97000000,56428.00000000,53813.16000000,54846.22000000,0.00010000,
1619654400000,54861.76,55222.02,52350.00,53558.80,54846.23000000,55195.84000000,52330.94000000,53555.00000000,0.00010000,
1619740800000,53558.57,57935.00,53043.62,57684.16,53555.00000000,57963.00000000,53013.01000000,57694.27000000,0.00010000,
1619827200000,57688.29,58488.17,57051.23,57836.34,57697.25000000,58458.07000000,56956.14000000,57800.37000000,0.00010000,
1619913600000,57836.35,57959.97,56100.00,56630.33,57797.35000000,57911.02000000,56035.25000000,56578.21000000,0.00032496,
1620000000000,56630.34,59056.59,56500.65,57214.83,56578.21000000,58981.44000000,56435.00000000,57169.39000000,0.00045283,
1620086400000,57214.84,57253.76,53094.59,53263.32,57169.39000000,57200.00000000,53046.69000000,53200.01000000,0.00067307,
1620172800000,53263.32,57940.00,52880.38,57497.77,53205.05000000,58069.82000000,52900.00000000,57436.11000000,0.00066426,
1620259200000,57497.76,58450.00,55297.91,56435.35,57436.11000000,58360.00000000,55200.00000000,56393.68000000,0.00011734,
1620345600000,56435.35,58800.00,55300.00,57350.88,56393.68000000,58650.00000000,55241.63000000,57314.75000000,0.00044645,
1620432000000,57350.89,59590.96,56961.25,58924.98,57315.49000000,59500.00000000,56900.00000000,58862.05000000,0.00017144,
1620518400000,58926.36,59335.19,56316.00,58292.53,58866.53000000,59300.00000000,56235.66000000,58240.84000000,0.00046426,
1620604800000,58292.53,59654.00,53250.00,55869.67,58240.83000000,59500.00000000,53400.00000000,55816.14000000,0.00063864,
1620691200000,55869.41,56908.66,54541.33,56710.43,55816.14000000,56862.43000000,54370.00000000,56670.02000000,0.00039557,
1620777600000,56712.70,58049.99,48503.74,49595.76,56670.02000000,58000.01000000,48600.00000000,49631.32000000,0.00025625,
1620864000000,49596.75,51358.00,45596.32,49707.90,49537.15000000,51367.19000000,46000.00000000,49670.97000000,0.00039761,
1620950400000,49706.27,51533.00,48870.41,49873.27,49671.92000000,51483.00000000,48799.75000000,49841.45000000,0.00022863,
1621036800000,49873.26,50709.43,46584.32,46793.41,49844.16000000,50700.00000000,46555.00000000,46762.99000000,0.00015069,
1621123200000,46794.62,49829.39,43866.00,46429.28,46762.99000000,49795.89000000,43825.39000000,46431.50000000,0.00040248,
1621209600000,46429.28,46655.00,42151.00,43566.18,46426.83000000,46686.00000000,42001.00000000,43538.04000000,0.00036196,
1621296000000,43565.11,45846.61,42268.00,42882.53,43538.02000000,45799.29000000,42250.02000000,42849.78000000,0.00059294,
1621382400000,42882.54,43615.93,28688.00,36689.14,42849.78000000,43584.90000000,30000.00000000,36690.09000000,0.00010000,
1621468800000,36689.14,42460.00,34882.00,40500.30,36671.23000000,42451.67000000,34850.00000000,40526.64000000,-0.00089697,
1621555200000,40500.00,42270.42,33400.00,37211.02,40525.39000000,42200.00000000,33488.00000000,37252.01000000,0.00010000,
1621641600000,37210.01,38851.34,35201.11,37432.58,37263.35000000,38829.00000000,35200.62000000,37449.73000000,0.00007546,
1621728000000,37436.00,38261.71,31096.70,34651.60,37458.51000000,38270.64000000,31111.01000000,34655.25000000,0.00010000,
1621814400000,34656.53,39917.09,34366.00,38779.66,34681.44000000,39920.00000000,34031.00000000,38796.29000000,0.00004696,
1621900800000,38783.58,39790.05,36439.32,38326.84,38810.99000000,39791.77000000,36419.62000000,38324.72000000,0.00010000,
1621987200000,38326.84,40900.00,37804.76,39224.20,38324.72000000,40841.00000000,37800.44000000,39241.91000000,0.00010000,
1622073600000,39224.21,40438.82,37133.22,38527.38,39241.92000000,40411.14000000,37134.27000000,38529.98000000,0.00010000,
1622160000000,38527.38,38888.35,34689.57,35670.99,38529.99000000,38877.83000000,34684.00000000,35663.49000000,0.00010000,
1622246400000,35670.99,37375.00,33650.00,34611.94,35661.79000000,37338.58000000,33632.76000000,34605.15000000,0.00010000,
1622332800000,34611.95,36501.00,33356.00,35651.81,34605.15000000,36488.00000000,33379.00000000,35641.27000000,0.00010375,
1622419200000,35651.80,37500.00,34150.00,37243.38,35641.26000000,37499.00000000,34153.84000000,37253.81000000,0.00010000,
1622505600000,37244.36,37893.76,35500.00,36693.41,37253.82000000,37894.81000000,35666.00000000,36693.09000000,0.00010000,
1622592000000,36694.37,38232.99,35905.00,37569.99,36694.85000000,38225.00000000,35920.00000000,37568.68000000,0.00010000,
1622678400000,37570.00,39470.00,37150.15,39247.40,37568.68000000,39476.00000000,37170.00000000,39246.79000000,0.00010000,
1622764800000,39247.40,39297.35,35552.51,36828.03,39246.78000000,39289.07000000,35555.15000000,36829.00000000,0.00010000,
1622851200000,36828.03,37900.49,34800.00,35498.62,36829.15000000,37925.00000000,34800.00000000,35513.20000000,0.00010000,
1622937600000,35497.93,36521.16,35201.86,35801.71,35516.07000000,36480.00000000,35222.00000000,35796.31000000,0.00010000,
1623024000000,35801.71,36820.00,33200.00,33550.96,35796.31000000,36900.00000000,33300.00000000,33552.79000000,0.00010000,
1623110400000,33550.97,34061.57,30969.00,33372.58,33556.96000000,34068.01000000,31000.00000000,33380.81000000,0.00010000,
1623196800000,33372.58,37511.31,32390.00,37368.45,33380.80000000,37534.79000000,32396.82000000,37388.05000000,0.00010000,
1623283200000,37369.99,38489.00,35750.00,36669.66,37388.05000000,38491.00000000,35782.00000000,36675.72000000,-0.00014842,
1623369600000,36669.65,37679.54,35900.00,37300.42,36677.83000000,37680.40000000,35936.77000000,37331.98000000,0.00010000,
1623456000000,37300.41,37432.95,34585.90,35537.05,37331.98000000,37463.63000000,34600.36000000,35546.11000000,0.00004776,
1623542400000,35535.95,39374.18,34739.06,38993.65,35546.12000000,39380.00000000,34757.00000000,39020.57000000,-0.00000814,
1623628800000,38993.66,41000.00,38720.00,40489.10,39020.56000000,41064.05000000,38730.00000000,40516.29000000,0.00010000,
1623715200000,40489.10,41413.00,39500.00,40132.86,40516.28000000,41330.00000000,39506.40000000,40144.04000000,0.00008002,
1623801600000,40132.86,40495.00,38105.00,38344.97,40143.80000000,40527.14000000,38116.01000000,38349.01000000,0.00010000,
1623888000000,38344.97,39565.00,37334.76,38060.71,38349.00000000,39559.88000000,37365.00000000,38092.97000000,0.00010000,
1623974400000,38060.71,38198.00,35100.00,35811.41,38092.97000000,38202.84000000,35129.29000000,35819.84000000,0.00010000,
1624060800000,35811.41,36471.80,34704.08,35483.00,35820.48000000,36457.00000000,34803.52000000,35483.72000000,0.00010000,
1624147200000,35483.01,36155.00,33312.00,35588.64,35483.72000000,36137.72000000,33336.00000000,35600.16000000,0.00007475,
1624233600000,35588.63,35746.28,31250.51,31606.00,35600.17000000,35750.00000000,31251.23000000,31608.93000000,-0.00018437,
1624320000000,31606.00,33274.00,28780.01,32496.00,31614.12000000,33298.78000000,28805.00000000,32509.56000000,-0.00019854,
1624406400000,32496.00,34867.77,31711.50,33649.00,32509.56000000,34881.00000000,31683.00000000,33678.07000000,-0.00032806,
1624492800000,33650.00,35406.74,32300.00,34644.64,33675.07000000,35298.00000000,32286.57000000,34663.09000000,-0.00019895,
1624579200000,34644.65,35500.00,31250.00,31568.07,34663.08000000,35500.00000000,31275.00000000,31584.45000000,-0.00018863,
1624665600000,31569.18,32720.52,30120.00,32255.56,31576.09000000,32730.00000000,30151.00000000,32283.65000000,0.00010000,
1624752000000,32250.15,34762.00,31960.00,34687.71,32283.65000000,34749.00000000,31973.45000000,34700.34000000,-0.00010371,
1624838400000,34687.71,35279.38,33855.00,34487.22,34702.49000000,35297.71000000,33862.72000000,34494.89000000,-0.00026102,
1624924800000,34486.58,36623.00,34206.00,35911.26,34494.89000000,36600.00000000,34225.43000000,35911.73000000,0.00010000,
1625011200000,35910.64,36089.96,34042.74,35031.39,35911.72000000,36100.00000000,34017.55000000,35045.00000000,0.00003883,
1625097600000,35031.39,35044.98,32672.04,33489.96,35045.00000000,35057.57000000,32711.00000000,33504.69000000,0.00010000,
1625184000000,33489.96,33960.00,32684.00,33760.94,33502.33000000,33977.04000000,32699.00000000,33786.55000000,0.00010000,
1625270400000,33760.94,34948.16,33296.98,34652.94,33786.54000000,34945.61000000,33316.73000000,34669.13000000,-0.00012187,
1625356800000,34653.32,35955.55,34340.75,35280.16,34669.12000000,35967.85000000,34357.15000000,35286.51000000,0.00003530,
1625443200000,35280.17,35281.55,33032.00,33672.72,35288.13000000,35293.78000000,33125.55000000,33690.14000000,0.00004428,
1625529600000,33672.72,35120.00,33500.00,34206.01,33690.15000000,35118.88000000,33532.00000000,34220.01000000,-0.00010440,
1625616000000,34206.00,35089.56,33756.48,33845.64,34220.02000000,35059.09000000,33777.77000000,33862.12000000,-0.00008213,
1625702400000,33845.63,33910.00,32066.00,32852.04,33862.11000000,33929.64000000,32077.00000000,32875.71000000,0.00010000,
1625788800000,32855.00,34100.00,32250.00,33805.01,32875.71000000,34100.00000000,32261.07000000,33815.81000000,-0.00010885,
1625875200000,33805.01,34248.58,33010.00,33497.98,33815.81000000,34262.00000000,33004.78000000,33502.87000000,-0.00018845,
1625961600000,33497.98,34629.62,33306.03,34253.81,33502.87000000,34666.00000000,33306.47000000,34258.99000000,0.00000072,
1626048000000,34253.88,34662.73,32650.00,33070.87,34259.00000000,34678.43000000,32658.34000000,33086.63000000,0.00008851,
1626134400000,33070.86,33336.00,32186.99,32709.09,33086.94000000,33340.00000000,32202.25000000,32729.77000000,0.00010000,
1626220800000,32708.66,33176.47,31556.02,32803.01,32729.12000000,33114.03000000,31550.00000000,32820.02000000,0.00010000,
1626307200000,32803.00,33170.00,31140.00,31866.43,32820.03000000,33185.25000000,31133.00000000,31880.00000000,-0.00011753,
1626393600000,31865.53,32245.00,31018.59,31382.95,31874.49000000,32249.18000000,31020.00000000,31383.87000000,-0.00011529,
1626480000000,31382.96,31945.00,31150.02,31496.65,31383.86000000,31955.92000000,31164.31000000,31520.07000000,0.00001073,
1626566400000,31496.65,32435.93,31075.10,31767.00,31520.07000000,32435.00000000,31108.97000000,31778.56000000,0.00010000,
1626652800000,31765.23,31890.00,30358.77,30823.62,31778.57000000,31899.00000000,30407.44000000,30839.65000000,-0.00004434,
1626739200000,30823.62,31050.00,29242.24,29775.90,30839.65000000,31063.07000000,29278.00000000,29790.35000000,-0.00001230,
1626825600000,29775.89,32883.90,29472.41,32120.00,29790.34000000,32858.00000000,29482.61000000,32144.51000000,-0.00018939,
1626912000000,32120.00,32583.48,31700.00,32268.11,32144.51000000,32591.35000000,31708.00000000,32287.83000000,-0.00032314,
1626998400000,32268.12,33650.00,31970.82,33634.46,32287.58000000,33650.00000000,31924.32000000,33634.09000000,0.00001374,
1627084800000,33631.74,34471.00,33379.81,34230.00,33634.10000000,34500.00000000,33401.14000000,34258.14000000,-0.00007246,
1627171200000,34230.00,35400.00,33812.00,35370.66,34261.51000000,35398.00000000,33851.12000000,35381.02000000,-0.00010603,
1627257600000,35370.67,48168.60,35185.49,37218.09,35381.02000000,40550.00000000,35205.78000000,37237.60000000,-0.00054841,
1627344000000,37218.09,39546.34,36384.31,39442.33,37241.33000000,39542.61000000,36383.00000000,39457.87000000,0.00010000,
1627430400000,39448.06,40894.00,38753.00,40003.08,39456.61000000,40900.00000000,38772.00000000,40019.56000000,-0.00002037,
1627516800000,40003.08,40665.00,39203.83,40012.90,40019.57000000,40640.00000000,39200.00000000,40016.48000000,0.00010000,
1627603200000,40012.89,42316.60,38320.00,42203.25,40018.49000000,42316.71000000,38313.23000000,42206.37000000,0.00010000,
1627689600000,42202.60,42494.00,41030.19,41448.11,42206.36000000,42448.00000000,41000.15000000,41461.83000000,0.00010000,
1627776000000,41448.10,42614.98,39350.40,39846.78,41461.84000000,42599.00000000,39422.01000000,39845.44000000,0.00010000,
1627862400000,39846.78,40450.00,38658.00,39147.48,39850.27000000,40480.01000000,38690.00000000,39147.82000000,0.00010000,
1627948800000,39147.47,39774.93,37600.00,38203.26,39146.86000000,39780.00000000,37642.03000000,38207.05000000,0.00010000,
1628035200000,38201.33,39975.32,37500.00,39731.31,38207.04000000,39969.66000000,37508.56000000,39723.18000000,0.00010000,
1628121600000,39731.31,41350.00,37291.00,40882.40,39723.17000000,41350.00000000,37332.70000000,40862.46000000,0.00010000,
1628208000000,40882.39,43400.00,39849.82,42825.43,40862.46000000,43392.43000000,39853.86000000,42836.87000000,0.00010000,
1628294400000,42825.43,44753.01,42395.20,44601.11,42836.87000000,44700.00000000,42446.41000000,44572.54000000,0.00010000,
1628380800000,44601.11,45350.00,43265.00,43787.71,44572.54000000,45310.00000000,43261.00000000,43794.37000000,0.00010000,
1628467200000,43787.71,46483.00,42785.00,46259.70,43794.36000000,46454.15000000,42779.00000000,46253.40000000,0.00010000,
1628553600000,46259.70,46800.00,44670.05,45589.99,46248.87000000,46700.00000000,44589.46000000,45584.99000000,0.00010000,
1628640000000,45589.99,46754.27,45354.00,45522.12,45585.00000000,46743.47000000,45341.14000000,45511.00000000,0.00010000,
1628726400000,45522.13,46226.67,43800.00,44385.09,45510.67000000,46218.12000000,43770.00000000,44399.00000000,0.00010000,
1628812800000,44385.09,47980.69,44208.88,47792.52,44400.06000000,47886.00000000,44217.39000000,47800.00000000,0.00010000,
1628899200000,47792.52,48300.00,46000.00,47083.74,47799.99000000,48144.00000000,45971.03000000,47068.51000000,0.00010000,
1628985600000,47083.75,47388.75,45480.00,47006.02,47068.50000000,47372.27000000,45500.00000000,46973.82000000,0.00010000,
1629072000000,47006.02,48074.23,45682.03,45926.23,46973.82000000,48053.83000000,45660.00000000,45901.29000000,0.00010000,
1629158400000,45926.23,47194.00,44412.01,44704.84,45901.30000000,47160.00000000,44376.00000000,44695.95000000,0.00013924,
1629244800000,44704.85,46050.00,44227.32,44714.09,44695.95000000,46000.00000000,44203.28000000,44705.29000000,0.00010000,
1629331200000,44714.09,47100.00,43938.38,46772.00,44699.37000000,47033.00000000,43927.70000000,46760.62000000,0.00010000,
1629417600000,46772.00,49500.00,46650.00,49332.74,46760.62000000,49382.99000000,46622.99000000,49322.47000000,0.00010000,
1629504000000,49332.99,49833.00,48250.00,48848.29,49322.47000000,49757.04000000,48222.00000000,48821.87000000,0.00014278,
1629590400000,48846.11,49556.20,48075.81,49273.28,48821.88000000,49500.00000000,48050.00000000,49239.22000000,0.00016694,
1629676800000,49273.28,50600.00,49075.01,49523.91,49239.22000000,50500.00000000,49029.00000000,49488.85000000,0.00014813,
1629763200000,49523.23,49888.88,47600.00,47719.36,49488.85000000,49860.00000000,47600.00000000,47674.01000000,0.00023983,
1629849600000,47719.37,49297.80,47130.57,48992.65,47674.01000000,49264.30000000,47126.28000000,48973.32000000,0.00041348,
1629936000000,48992.65,49380.00,46280.00,46853.06,48973.32000000,49352.84000000,46250.00000000,46843.87000000,0.00010000,
1630022400000,46854.22,49220.00,46359.97,49083.98,46843.86000000,49149.93000000,46348.00000000,49069.90000000,0.00010000,
1630108800000,49082.13,49333.00,48395.65,48931.99,49069.90000000,49299.00000000,48346.88000000,48895.35000000,0.00010000,
1630195200000,48931.99,49769.20,47741.31,48795.41,48895.35000000,49632.27000000,47762.54000000,48767.83000000,0.00010000,
1630281600000,48795.42,48916.25,46876.49,47024.70,48767.84000000,48888.61000000,46853.00000000,46982.91000000,0.00010000,
1630368000000,47024.69,48298.00,46731.03,47150.32,46982.91000000,48246.11000000,46700.00000000,47100.89000000,0.00036162,
1630454400000,47150.32,49160.79,46550.99,48842.94,47100.89000000,49156.00000000,46512.00000000,48810.52000000,0.00044618,
1630540800000,48842.93,50420.00,48631.20,49299.14,48810.51000000,50450.13000000,48584.06000000,49246.64000000,0.00033967,
1630627200000,49299.14,51111.00,48333.00,50027.08,49246.63000000,51000.00000000,48316.84000000,49999.14000000,0.00057405,
1630713600000,50027.09,50582.08,49360.00,49940.74,49998.00000000,50535.69000000,49370.00000000,49915.64000000,0.00024375,
1630800000000,49942.20,51950.00,49462.59,51799.57,49917.54000000,51900.00000000,49450.00000000,51756.88000000,0.00019219,
1630886400000,51799.56,52830.00,51040.00,52683.97,51756.88000000,52780.00000000,50969.33000000,52663.90000000,0.00010000,
1630972800000,52683.98,52950.00,42088.00,46864.39,52666.20000000,52920.00000000,42843.05000000,46863.73000000,0.00010000,
1631059200000,46864.38,47347.00,44431.00,46062.29,46868.57000000,47340.99000000,44412.02000000,46048.31000000,0.00022977,
1631145600000,46060.02,47400.00,45500.00,46413.88,46048.31000000,47399.97000000,45513.08000000,46395.14000000,0.00010000,
1631232000000,46413.88,47037.50,44120.00,44860.83,46395.14000000,47033.00000000,44132.29000000,44850.91000000,0.00010000,
1631318400000,44860.83,45999.00,44737.40,45193.78,44842.20000000,45987.93000000,44722.22000000,45173.69000000,0.00010000,
1631404800000,45194.19,46512.20,44746.51,46046.73,45173.68000000,46460.00000000,44742.06000000,46025.24000000,0.00010000,
1631491200000,46048.02,46933.89,43323.93,44975.96,46025.23000000,46880.00000000,43370.00000000,44940.73000000,0.00010000,
1631577600000,44975.96,47272.98,44692.90,47087.18,44940.72000000,47250.00000000,44594.44000000,47111.52000000,0.00010000,
1631664000000,47087.18,48440.93,46675.00,48106.12,47103.28000000,48500.00000000,46682.32000000,48121.41000000,0.00010000,
1631750400000,48106.13,48488.00,47038.21,47745.55,48121.40000000,48557.00000000,47021.10000000,47737.82000000,0.00010000,
1631836800000,47745.55,48150.00,46750.00,47303.11,47737.81000000,48150.00000000,46699.56000000,47299.98000000,0.00010000,
1631923200000,47303.11,48850.00,47044.32,48285.15,47299.98000000,48843.20000000,47035.56000000,48292.74000000,0.00010000,
1632009600000,48284.61,48364.64,46840.00,47256.91,48292.75000000,48372.83000000,46829.18000000,47241.75000000,0.00010000,
1632096000000,47256.92,47345.00,42467.86,43026.60,47241.75000000,47347.25000000,42500.00000000,43015.62000000,0.00010000,
1632182400000,43026.61,43629.60,39503.58,40726.10,43016.64000000,43639.00000000,39600.00000000,40734.38000000,0.00010000,
1632268800000,40727.83,43989.98,40551.49,43520.00,40734.09000000,44000.55000000,40565.39000000,43543.61000000,0.00010000,
1632355200000,43520.00,44976.48,43056.00,44828.29,43546.37000000,44978.00000000,43069.09000000,44865.26000000,0.00010000,
1632441600000,44828.29,45134.33,40650.00,42798.49,44865.26000000,45200.00000000,40675.00000000,42810.57000000,-0.00007856,
1632528000000,42798.49,42950.00,41630.26,42651.58,42810.58000000,42966.84000000,41646.28000000,42670.64000000,0.00003978,
1632614400000,42646.84,43940.00,40725.01,43150.00,42670.63000000,43950.00000000,40750.00000000,43160.90000000,0.00010000,
1632700800000,43150.01,44350.00,42059.13,42122.69,43160.90000000,44350.00000000,42098.00000000,42147.35000000,0.00010000,
1632787200000,42122.69,42749.00,40854.00,41006.32,42147.35000000,42787.38000000,40888.00000000,41026.54000000,0.00002549,
1632873600000,41002.96,42576.80,40708.73,41499.71,41025.01000000,42590.00000000,40753.88000000,41524.28000000,0.00004448,
1632960000000,41499.70,44100.00,41387.78,43796.57,41524.29000000,44141.37000000,41410.17000000,43824.10000000,0.00010000,
1633046400000,43799.49,48450.00,43260.01,48123.94,43820.01000000,48495.00000000,43283.03000000,48141.61000000,0.00009235,
1633132800000,48123.93,48338.68,47410.00,47626.61,48141.60000000,48336.59000000,47430.18000000,47634.90000000,0.00005277,
1633219200000,47626.62,49304.12,47071.26,48187.30,47634.89000000,49228.08000000,47088.00000000,48200.01000000,0.00005938,
1633305600000,48187.99,49544.48,46885.29,49198.22,48200.01000000,49536.12000000,46891.00000000,49224.94000000,0.00010000,
1633392000000,49199.78,51888.00,49009.21,51455.12,49224.93000000,51886.30000000,49022.40000000,51471.99000000,0.00010000,
1633478400000,51460.22,56416.02,50410.00,55321.60,51471.99000000,55750.00000000,50382.41000000,55315.00000000,0.00000161,
1633564800000,55327.45,55337.80,53374.34,53814.99,55315.00000000,55332.31000000,53357.00000000,53785.22000000,0.00010000,
1633651200000,53814.99,56208.73,53647.30,53975.00,53785.22000000,56100.00000000,53617.61000000,53951.43000000,0.00032669,
1633737600000,53974.99,55589.00,53656.66,54960.77,53955.67000000,55489.00000000,53661.67000000,54949.72000000,0.00013417,
1633824000000,54960.79,56789.00,54101.00,54700.00,54949.72000000,56561.31000000,54080.00000000,54659.00000000,0.00010000,
1633910400000,54700.00,57880.00,54458.00,57500.01,54659.01000000,57839.04000000,54415.06000000,57471.35000000,0.00010000,
1633996800000,57500.01,57756.52,53750.00,56011.84,57471.35000000,57680.00000000,53879.00000000,55996.93000000,0.00010000,
1634083200000,56011.83,57822.38,54271.24,57393.65,55996.91000000,57777.00000000,54167.19000000,57367.00000000,0.00010000,
1634169600000,57393.65,58586.67,56800.00,57378.19,57370.83000000,58532.54000000,56818.05000000,57347.94000000,0.00010000,
1634256000000,57377.12,63997.61,56900.00,61702.33,57347.94000000,62933.00000000,56850.00000000,61672.42000000,0.00017282,
1634342400000,61702.33,62444.23,60220.00,60925.56,61672.42000000,62378.42000000,60150.00000000,60875.57000000,0.00010000,
1634428800000,60925.56,61796.47,58850.00,61571.45,60875.57000000,61718.39000000,58963.00000000,61528.33000000,0.00043303,
1634515200000,61571.45,62800.00,59897.61,62037.92,61528.32000000,62695.78000000,59844.45000000,62009.84000000,0.00044250,
1634601600000,62037.92,64500.00,61300.00,64316.70,62005.60000000,64486.00000000,61322.22000000,64280.59000000,0.00010000,
1634688000000,64314.75,67150.00,63518.81,66064.24,64280.59000000,67000.00000000,63481.40000000,66001.41000000,0.00010000,
1634774400000,66064.25,66750.00,62000.00,62260.33,66001.40000000,66639.74000000,62000.00000000,62193.15000000,0.00068927,
1634860800000,62260.33,63796.20,60011.90,60734.27,62193.15000000,63732.39000000,60000.00000000,60688.22000000,0.00062183,
1634947200000,60734.28,61780.00,59622.00,61325.11,60688.23000000,61747.64000000,59562.15000000,61286.75000000,0.00033222,
1635033600000,61325.09,61550.00,59504.46,60902.82,61286.75000000,61500.00000000,59510.63000000,60852.22000000,0.00017390,
1635120000000,60902.82,63795.98,60701.00,63127.04,60852.22000000,63710.63000000,60650.00000000,63078.78000000,0.00032862,
1635206400000,63129.25,63362.06,59838.05,60358.75,63078.78000000,63293.48000000,59817.55000000,60328.81000000,0.00017861,
1635292800000,60358.74,61550.00,57865.00,58449.36,60328.81000000,61496.00000000,58000.00000000,58413.44000000,0.00055995,
1635379200000,58449.36,62641.26,57550.00,60622.03,58413.44000000,62499.00000000,57820.00000000,60575.89000000,0.00023017,
1635465600000,60622.02,63069.71,60222.00,62308.22,60575.90000000,62980.00000000,60174.81000000,62253.71000000,0.00023520,
1635552000000,62308.21,62415.85,60631.23,61895.19,62253.70000000,62359.25000000,60673.00000000,61859.19000000,0.00016972,
1635638400000,61895.19,62462.99,60008.00,61348.61,61859.19000000,62405.30000000,59945.36000000,61299.80000000,0.00023181,
1635724800000,61347.14,62543.58,59400.00,60942.87,61299.81000000,62437.74000000,59405.00000000,60911.11000000,0.00043874,
1635811200000,60942.87,64349.55,60659.58,63266.69,60911.12000000,64270.00000000,60624.68000000,63219.99000000,0.00015524,
1635897600000,63266.69,63613.00,60300.00,62946.45,63220.57000000,63500.00000000,60382.76000000,62896.48000000,0.00047797,
1635984000000,62946.45,63149.00,60703.00,61431.86,62896.49000000,63086.31000000,60677.01000000,61395.01000000,0.00031399,
1636070400000,61433.90,62671.48,60762.00,61006.00,61395.01000000,62595.72000000,60721.00000000,60937.12000000,0.00018372,
1636156800000,61006.00,61645.75,60100.00,61511.30,60940.18000000,61560.49000000,60050.00000000,61470.61000000,0.00041167,
1636243200000,61511.30,63377.58,61368.26,63316.40,61470.62000000,63286.35000000,61322.78000000,63273.59000000,0.00037687,
1636329600000,63316.40,67932.89,63308.70,67606.96,63273.58000000,67789.00000000,63273.58000000,67525.83000000,0.00037438,
1636416000000,67606.96,68675.16,66300.00,67009.98,67525.82000000,68524.25000000,66222.40000000,66947.66000000,0.00038683,
1636502400000,67010.65,69198.70,62400.51,64920.13,66947.67000000,69000.00000000,62822.90000000,64882.43000000,0.00037679,
1636588800000,64920.13,65646.98,64147.12,64831.30,64882.42000000,65600.07000000,64100.00000000,64774.26000000,0.00057535,
1636675200000,64831.20,65500.00,62313.00,64156.08,64774.25000000,65450.70000000,62278.00000000,64122.23000000,0.00018008,
1636761600000,64156.08,65073.24,63430.01,64427.00,64122.22000000,65000.00000000,63360.22000000,64380.00000000,0.00015442,
1636848000000,64426.99,65569.99,63640.00,65568.39,64380.01000000,65550.51000000,63576.27000000,65519.10000000,0.00021842,
1636934400000,65568.38,66395.05,63351.58,63654.49,65519.11000000,66401.82000000,63400.00000000,63606.74000000,0.00013059,
1637020800000,63654.49,63655.77,58397.14,60106.03,63606.73000000,63617.31000000,58574.07000000,60058.87000000,0.00035998,
1637107200000,60106.03,60848.85,58336.68,60366.96,60058.87000000,60840.23000000,58373.00000000,60344.87000000,0.00010000,
1637193600000,60366.97,60999.00,56505.48,56921.05,60344.86000000,60976.00000000,56474.26000000,56891.62000000,0.00010000,
1637280000000,56921.04,58333.00,55604.00,58069.51,56891.62000000,58320.00000000,55600.00000000,58052.24000000,0.00010000,
1637366400000,58069.52,59873.84,57372.00,59716.29,58057.10000000,59845.00000000,57353.00000000,59707.51000000,0.00010000,
1637452800000,59716.28,60052.82,58518.88,58661.39,59707.52000000,60029.76000000,58486.65000000,58622.02000000,0.00010000,
1637539200000,58648.87,59624.56,55600.00,56268.31,58617.70000000,59444.00000000,55610.00000000,56247.18000000,0.00010000,
1637625600000,56268.31,57888.00,55250.00,57574.23,56243.83000000,58009.99000000,55317.00000000,57541.27000000,0.00010000,
1637712000000,57574.24,57775.27,55900.00,57165.08,57541.26000000,57735.00000000,55837.00000000,57138.29000000,0.00010000,
1637798400000,57165.09,59449.62,57029.00,58988.21,57138.29000000,59398.90000000,57000.00000000,58960.36000000,0.00014549,
1637884800000,58988.36,59186.41,53500.00,53755.65,58960.37000000,59150.00000000,53500.00000000,53726.53000000,0.00013863,
1637971200000,53755.66,55300.00,53640.69,54738.77,53723.72000000,55280.00000000,53610.00000000,54721.03000000,0.00010000,
1638057600000,54738.77,57474.76,53245.00,57315.73,54716.47000000,57445.05000000,53256.64000000,57274.88000000,0.00010000,
1638144000000,57315.72,58924.21,56715.00,57827.98,57274.89000000,58865.97000000,56666.67000000,57776.25000000,0.00010000,
1638230400000,57827.97,59224.99,55900.00,56975.00,57776.25000000,59176.99000000,55875.55000000,56950.56000000,0.00027810,
1638316800000,56978.06,59100.00,56500.00,57209.29,56950.56000000,59053.55000000,56458.01000000,57184.07000000,0.00012689,
1638403200000,57209.28,57428.49,55800.00,56513.57,57184.07000000,57375.47000000,55777.77000000,56480.34000000,0.00015951,
1638489600000,56513.56,57670.00,50604.00,53612.00,56484.26000000,57600.00000000,51680.00000000,53601.05000000,0.00010000,
1638576000000,53611.86,53889.69,40888.89,49135.66,53601.05000000,53859.10000000,42000.30000000,49152.47000000,0.00027198,
1638662400000,49135.66,49699.49,47755.00,49376.60,49152.46000000,49699.05000000,47727.21000000,49396.33000000,0.00002893,
1638748800000,49373.83,50888.00,47000.00,50424.72,49396.32000000,50891.11000000,47100.00000000,50441.92000000,0.00010000,
1638835200000,50424.72,51929.00,50012.00,50577.20,50441.91000000,51936.33000000,50039.74000000,50588.95000000,0.00010000,
1638921600000,50577.20,51210.60,48533.33,50455.61,50588.95000000,51200.00000000,48600.00000000,50471.19000000,0.00010000,
1639008000000,50459.61,50773.03,47312.89,47539.76,50471.19000000,50797.76000000,47320.00000000,47545.59000000,0.00010000,
1639094400000,47539.34,50188.42,46828.23,47136.35,47535.90000000,50125.00000000,46852.00000000,47140.54000000,0.00010000,
1639180800000,47132.31,49499.05,46724.35,49381.15,47140.54000000,49485.71000000,46751.00000000,49389.99000000,0.00010000,
1639267200000,49379.51,50768.00,48616.16,50057.01,49389.99000000,50777.00000000,48638.00000000,50053.90000000,0.00010000,
1639353600000,50057.02,50180.00,45600.00,46679.93,50053.90000000,50189.97000000,45672.75000000,46702.75000000,0.00010000,
1639440000000,46679.93,48657.92,46255.60,48324.04,46702.76000000,48700.41000000,46290.00000000,48343.28000000,0.00010000,
1639526400000,48324.00,49479.75,46518.73,48870.48,48336.95000000,49500.00000000,46547.00000000,48864.98000000,0.00010000,
1639612800000,48870.48,49439.79,47500.00,47624.50,48864.98000000,49436.43000000,47511.00000000,47632.38000000,0.00010000,
1639699200000,47629.10,47988.27,45373.11,46125.33,47632.38000000,47995.96000000,45456.00000000,46131.20000000,0.00010000,
1639785600000,46125.33,47336.99,45438.43,46815.99,46133.83000000,47392.37000000,45500.00000000,46834.48000000,0.00004678,
1639872000000,46815.99,48461.17,46399.37,46668.63,46834.47000000,48300.01000000,46406.91000000,46681.23000000,0.00008402,
1639958400000,46668.65,47533.42,45530.67,46898.14,46681.24000000,47537.57000000,45558.85000000,46914.16000000,0.00010000,
1640044800000,46896.82,49298.78,46650.00,48875.15,46914.17000000,49328.96000000,46630.00000000,48889.88000000,0.00010000,
1640131200000,48875.88,49599.00,48420.02,48569.69,48887.59000000,49576.13000000,48421.87000000,48588.16000000,0.00010000,
1640217600000,48569.69,51377.74,48020.00,50817.92,48588.17000000,51375.00000000,47920.42000000,50838.81000000,0.00010000,
1640304000000,50817.94,51805.00,50379.25,50808.55,50838.82000000,51810.00000000,50384.43000000,50820.00000000,0.00004018,
1640390400000,50809.37,51190.00,50105.00,50403.64,50819.99000000,51156.23000000,50142.32000000,50399.66000000,0.00010000,
1640476800000,50403.64,51300.00,49350.00,50765.73,50399.67000000,51280.00000000,49412.00000000,50775.49000000,0.00010000,
1640563200000,50765.73,52134.00,50450.00,50707.72,50775.48000000,52088.00000000,50449.00000000,50701.44000000,0.00010000,
1640649600000,50707.72,50713.56,47290.00,47522.03,50701.44000000,50704.05000000,47313.01000000,47543.74000000,0.00010000,
1640736000000,47522.02,48125.97,46000.00,46436.54,47543.74000000,48139.08000000,46096.99000000,46464.66000000,0.00010000,
1640822400000,46436.53,47911.68,45880.00,47095.02,46464.66000000,47900.00000000,45900.00000000,47120.87000000,0.00010000,
1640908800000,47095.02,48575.00,45650.00,46210.56,47120.88000000,48548.26000000,45678.00000000,46216.93000000,0.00010000,
1640995200000,46210.57,47943.77,46210.55,47704.35,46216.93000000,47954.63000000,46208.37000000,47722.65000000,0.00010000,
1641081600000,47704.35,48000.00,46605.68,47280.00,47722.66000000,47990.00000000,46654.00000000,47286.18000000,0.00010000,
1641168000000,47280.01,47575.22,45665.40,46445.81,47286.18000000,47570.00000000,45696.00000000,46446.10000000,0.00010000,
1641254400000,46445.80,47524.36,45445.57,45833.42,46446.10000000,47557.54000000,45500.00000000,45832.01000000,0.00010000,
1641340800000,45833.41,47075.29,42270.00,43421.69,45832.01000000,47070.00000000,42500.00000000,43451.13000000,0.00010000,
1641427200000,43421.70,43766.00,42385.83,43080.01,43451.14000000,43816.00000000,42430.58000000,43082.31000000,0.00010000,
1641513600000,43080.01,43135.00,40456.56,41553.86,43082.30000000,43145.83000000,40610.00000000,41566.48000000,0.00010000,
1641600000000,41553.87,42335.00,40500.00,41688.05,41566.48000000,42300.00000000,40501.00000000,41679.74000000,0.00010000,
1641686400000,41688.05,42773.85,41170.00,41851.22,41679.74000000,42786.70000000,41200.02000000,41864.62000000,0.00010000,
1641772800000,41851.22,42219.84,39610.00,41801.55,41864.62000000,42248.50000000,39650.00000000,41822.49000000,0.00010000,
1641859200000,41801.55,43118.00,41255.00,42700.68,41822.49000000,43100.00000000,41268.93000000,42729.29000000,0.00010000,
1641945600000,42700.69,44300.00,42415.00,43880.72,42729.29000000,44322.00000000,42450.00000000,43902.66000000,0.00010000,
1642032000000,43880.72,44396.68,42301.16,42534.32,43902.65000000,44500.00000000,42311.22000000,42560.11000000,-0.00005342,
1642118400000,42538.72,43450.00,41666.00,43042.40,42558.35000000,43448.78000000,41725.95000000,43059.96000000,0.00000592,
1642204800000,43042.40,43800.00,42530.64,43070.51,43059.96000000,43800.00000000,42555.00000000,43084.29000000,0.00002282,
1642291200000,43070.51,43464.71,42531.69,43060.66,43084.29000000,43475.00000000,42581.79000000,43071.66000000,0.00009070,
1642377600000,43060.66,43159.32,41523.68,42176.34,43071.66000000,43176.18000000,41540.42000000,42201.62000000,0.00003620,
1642464000000,42176.34,42680.00,41260.00,42337.58,42201.63000000,42691.00000000,41250.00000000,42352.12000000,0.00010000,
1642550400000,42337.58,42545.00,41115.64,41657.89,42352.12000000,42559.13000000,41138.56000000,41660.01000000,0.00010000,
1642636800000,41656.90,43495.00,40550.00,40661.69,41660.00000000,43505.00000000,40553.31000000,40680.91000000,0.00010000,
1642723200000,40662.06,41095.76,35380.92,36425.98,40680.92000000,41100.00000000,35440.45000000,36445.31000000,0.00010000,
1642809600000,36426.46,36817.74,33950.00,35043.73,36445.31000000,36835.22000000,34008.00000000,35071.42000000,0.00008226,
1642896000000,35043.73,36496.92,34588.80,36230.01,35071.42000000,36499.00000000,34601.01000000,36244.55000000,0.00010000,
1642982400000,36230.00,37528.00,32853.83,36648.31,36244.55000000,37550.00000000,32917.17000000,36660.35000000,-0.00001573,
1643068800000,36648.30,37561.03,35693.00,36934.26,36660.35000000,37545.14000000,35701.00000000,36958.32000000,0.00010000,
1643155200000,36934.26,38886.58,36232.42,36787.43,36958.32000000,38919.98000000,36234.63000000,36809.34000000,0.00000676,
1643241600000,36787.42,37200.00,35471.53,37131.00,36807.24000000,37234.47000000,35507.01000000,37160.10000000,-0.00004130,
1643328000000,37131.00,38000.00,36149.02,37696.21,37160.11000000,38000.00000000,36155.01000000,37716.56000000,-0.00000493,
1643414400000,37696.22,38750.94,37252.00,38150.01,37716.57000000,38720.74000000,37268.44000000,38166.84000000,0.00002880,
1643500800000,38150.00,38420.30,37334.83,37870.01,38166.83000000,38359.26000000,37351.63000000,37881.76000000,-0.00003029,
1643587200000,37870.00,38741.73,36620.00,38439.04,37881.75000000,38744.00000000,36632.61000000,38466.90000000,0.00008927,
1643673600000,38439.04,39260.26,37969.00,38680.51,38466.90000000,39265.20000000,38000.00000000,38694.59000000,-0.00005648,
1643760000000,38680.51,38834.18,36529.81,36892.03,38694.59000000,38855.92000000,36586.95000000,36896.36000000,-0.00006256,
1643846400000,36892.05,37395.00,36204.30,37289.86,36896.37000000,37387.00000000,36250.00000000,37311.61000000,0.00002553,
1643932800000,37287.33,41741.76,37011.00,41550.00,37311.98000000,41772.33000000,37026.73000000,41574.25000000,-0.00001533,
1644019200000,41550.00,41922.00,40920.00,41374.69,41571.70000000,41913.69000000,40843.01000000,41382.59000000,0.00010000,
1644105600000,41374.68,42656.80,41100.00,42361.35,41382.60000000,42656.00000000,41116.56000000,42380.87000000,0.00010000,
1644192000000,42361.34,44541.16,41609.76,43829.99,42380.87000000,44500.50000000,41645.85000000,43839.99000000,0.00010000,
1644278400000,43829.99,45600.00,42641.00,44021.57,43839.99000000,45492.00000000,42666.00000000,44042.99000000,-0.00009617,
1644364800000,44021.58,44826.00,43089.08,44358.08,44043.00000000,44799.00000000,43117.92000000,44372.72000000,0.00008216,
1644451200000,44358.09,45847.50,43136.96,43471.29,44372.71000000,45821.00000000,43174.01000000,43495.44000000,0.00005120,
1644537600000,43471.30,43900.00,41914.23,42366.00,43495.44000000,43920.00000000,41938.51000000,42373.73000000,0.00003895,
1644624000000,42365.99,42980.00,41540.00,42199.87,42373.73000000,43079.49000000,41688.88000000,42217.87000000,-0.00007643,
1644710400000,42199.88,42755.97,41850.00,42041.13,42217.87000000,42760.00000000,41870.00000000,42053.66000000,0.00010000,
1644796800000,42041.12,42888.00,41526.00,42525.14,42053.65000000,42842.40000000,41550.56000000,42535.94000000,0.00006814,
1644883200000,42525.14,44777.00,42406.23,44529.60,42535.94000000,44751.40000000,42427.03000000,44544.86000000,0.00006445,
1644969600000,44529.70,44536.80,43277.80,43860.70,44544.85000000,44549.97000000,43307.00000000,43873.56000000,0.00005462,
1645056000000,43860.80,44150.00,40020.10,40491.70,43873.56000000,44164.71000000,40073.21000000,40515.70000000,0.00010000,
1645142400000,40491.80,40944.10,39422.00,39966.80,40515.71000000,40959.88000000,39450.00000000,39974.44000000,-0.00000438,
1645228800000,39966.80,40438.70,39610.30,40052.60,39974.45000000,40444.32000000,39639.03000000,40079.17000000,-0.00000936,
1645315200000,40052.60,40100.10,37905.00,38368.10,40079.17000000,40125.44000000,38000.00000000,38386.89000000,0.00007710,
1645401600000,38367.90,39510.00,36762.00,36986.40,38386.89000000,39494.35000000,36800.00000000,37008.16000000,0.00006500,
1645488000000,36986.40,38450.00,36310.10,38212.00,37008.16000000,38429.00000000,36350.00000000,38230.33000000,-0.00003473,
1645574400000,38212.10,39250.00,36963.20,37227.80,38230.33000000,39249.93000000,37036.79000000,37250.01000000,-0.00003085,
1645660800000,37227.90,40376.10,34303.70,38315.10,37250.02000000,39843.00000000,34322.28000000,38327.21000000,-0.00003332,
1645747200000,38316.20,39750.00,37999.20,39205.40,38328.68000000,39683.53000000,38014.37000000,39219.17000000,0.00010000,
1645833600000,39205.40,40441.10,38561.70,39099.30,39219.16000000,40348.45000000,38573.18000000,39116.72000000,0.00000998,
1645920000000,39099.30,39868.60,36934.60,37672.00,39116.73000000,39855.70000000,37000.00000000,37699.07000000,0.00007614,
1646006400000,37672.10,44341.00,37414.40,43155.00,37699.08000000,44225.84000000,37450.17000000,43160.00000000,-0.00021167,
1646092800000,43155.00,44935.00,42765.40,44394.10,43160.00000000,44949.00000000,42809.98000000,44421.20000000,-0.00005386,
1646179200000,44393.60,45350.00,43321.00,43885.70,44421.20000000,45400.00000000,43334.09000000,43892.98000000,-0.00000507,
1646265600000,43885.80,44080.00,41831.00,42449.50,43892.99000000,44101.12000000,41832.28000000,42454.00000000,0.00010000,
1646352000000,42449.60,42525.30,38521.00,39127.70,42454.00000000,42527.30000000,38550.00000000,39148.66000000,0.00010000,
1646438400000,39127.70,39580.00,38547.60,39375.10,39148.65000000,39613.24000000,38407.59000000,39397.96000000,0.00010000,
1646524800000,39375.00,39690.00,38056.00,38401.10,39397.97000000,39693.87000000,38088.57000000,38420.81000000,0.00001656,
1646611200000,38401.10,39550.00,37134.00,37963.80,38420.80000000,39547.57000000,37155.00000000,37988.00000000,0.00001957,
1646697600000,37963.70,39340.50,37853.00,38709.90,37988.01000000,39362.08000000,37867.65000000,38730.63000000,-0.00003177,
1646784000000,38709.90,42647.50,38638.70,41937.50,38730.63000000,42594.06000000,38656.45000000,41941.71000000,0.00010000,
1646870400000,41939.50,42034.30,38512.00,39407.20,41941.70000000,42039.63000000,38539.73000000,39422.00000000,0.00010000,
1646956800000,39407.10,40242.00,38200.10,38713.00,39422.01000000,40236.26000000,38223.60000000,38729.57000000,-0.00008919,
1647043200000,38713.10,39578.40,38630.00,38792.60,38729.57000000,39486.71000000,38660.52000000,38807.36000000,0.00004301,
1647129600000,38792.70,39300.00,37500.00,37743.70,38807.35000000,39310.00000000,37578.51000000,37777.34000000,-0.00003565,
1647216000000,37743.00,39989.00,37522.10,39653.80,37777.35000000,39947.12000000,37555.00000000,39671.37000000,-0.00005741,
1647302400000,39651.60,39901.80,38073.80,39271.00,39671.37000000,39887.61000000,38098.33000000,39280.33000000,0.00002708,
1647388800000,39270.90,41804.00,38700.00,41105.80,39280.33000000,41718.00000000,38828.48000000,41114.00000000,0.00009061,
1647475200000,41105.90,41498.40,40442.80,40898.10,41114.01000000,41478.82000000,40500.00000000,40917.90000000,0.00010000,
1647561600000,40898.00,42322.80,40084.20,41751.50,40917.89000000,42325.02000000,40135.04000000,41757.51000000,0.00010000,
1647648000000,41751.60,42446.60,41500.00,42188.20,41757.51000000,42400.00000000,41499.29000000,42201.13000000,0.00010000,
1647734400000,42188.20,42269.30,40900.00,41261.00,42201.13000000,42296.26000000,40911.00000000,41262.11000000,0.00010000,
1647820800000,41261.00,41544.40,40430.00,40982.00,41262.11000000,41544.22000000,40467.94000000,41002.25000000,0.00010000,
1647907200000,40982.00,43517.70,40852.00,42349.80,41002.26000000,43361.00000000,40875.51000000,42364.13000000,-0.00000093,
1647993600000,42349.90,43051.00,41731.30,42867.90,42364.13000000,43025.96000000,41751.47000000,42882.76000000,0.00010000,
1648080000000,42867.80,44200.00,42525.00,43973.40,42882.76000000,44220.89000000,42560.46000000,43991.46000000,0.00007014,
1648166400000,43973.20,45142.00,43575.10,44290.60,43991.46000000,45094.14000000,43579.00000000,44313.16000000,-0.00000907,
1648252800000,44290.60,44785.00,44041.00,44489.20,44313.16000000,44792.99000000,44071.97000000,44511.27000000,0.00005473,
1648339200000,44489.30,47047.00,44416.00,46820.80,44511.27000000,46999.00000000,44421.46000000,46827.76000000,0.00010000,
1648425600000,46820.90,48200.00,46651.20,47121.90,46827.76000000,48189.84000000,46663.56000000,47122.21000000,0.00010000,
1648512000000,47121.80,48100.00,46911.00,47418.50,47122.21000000,48096.47000000,46950.85000000,47434.80000000,0.00010000,
1648598400000,47418.50,47688.60,46535.00,47053.20,47434.79000000,47700.22000000,46445.42000000,47067.99000000,0.00010000,
1648684800000,47053.10,47619.40,45185.00,45506.00,47067.99000000,47600.00000000,45200.00000000,45510.34000000,0.00010000,
1648771200000,45505.90,46700.00,44206.20,46266.20,45510.35000000,46720.09000000,44200.00000000,46283.49000000,0.00010000,
1648857600000,46266.20,47236.80,45600.00,45794.60,46283.49000000,47213.00000000,45620.00000000,45811.00000000,0.00010000,
1648944000000,45792.30,47448.00,45501.00,46392.40,45810.99000000,47444.11000000,45530.92000000,46407.35000000,0.00010000,
1649030400000,46392.30,46895.50,45094.00,46580.90,46407.36000000,46890.71000000,45118.00000000,46580.51000000,0.00010000,
1649116800000,46580.90,47188.00,45300.00,45477.40,46580.50000000,47200.00000000,45353.81000000,45497.55000000,0.00010000,
1649203200000,45477.50,45494.20,43100.00,43159.70,45497.54000000,45507.14000000,43121.00000000,43170.47000000,0.00010000,
1649289600000,43159.80,43888.00,42685.00,43417.10,43170.47000000,43900.99000000,42727.35000000,43444.19000000,0.00010000,
1649376000000,43417.10,43968.10,42074.00,42229.20,43444.20000000,43970.62000000,42107.14000000,42252.01000000,0.00004306,
1649462400000,42229.10,42796.70,42100.30,42727.70,42252.02000000,42800.00000000,42125.48000000,42753.97000000,0.00010000,
1649548800000,42727.80,43399.40,41838.00,42140.40,42753.96000000,43410.30000000,41868.00000000,42158.85000000,0.00010000,
1649635200000,42140.30,42399.90,39136.70,39505.60,42158.85000000,42414.71000000,39200.00000000,39530.45000000,0.00000243,
1649721600000,39505.60,40700.00,39224.00,40060.70,39530.45000000,40699.00000000,39254.63000000,40074.94000000,-0.00006795,
1649808000000,40060.70,41580.00,39569.80,41129.80,40074.95000000,41561.31000000,39588.54000000,41147.79000000,-0.00007001,
1649894400000,41129.80,41474.80,39522.00,39915.90,41147.78000000,41500.00000000,39551.94000000,39942.38000000,-0.00001485,
1649980800000,39915.90,40888.00,39734.20,40529.50,39942.37000000,40870.36000000,39766.40000000,40551.90000000,0.00004423,
1650067200000,40529.60,40700.00,39944.90,40361.00,40551.90000000,40709.35000000,39991.55000000,40378.71000000,0.00007697,
1650153600000,40360.90,40574.10,39510.00,39649.10,40378.70000000,40595.67000000,39546.17000000,39678.12000000,0.00000720,
1650240000000,39649.10,41310.00,38465.70,40785.60,39678.11000000,41116.73000000,38536.51000000,40801.13000000,0.00010000,
1650326400000,40785.70,41788.00,40543.70,41472.90,40801.13000000,41760.00000000,40571.00000000,41493.18000000,-0.00005436,
1650412800000,41472.90,42166.80,40800.00,41327.70,41493.19000000,42199.00000000,40820.00000000,41358.19000000,-0.00005028,
1650499200000,41326.00,42966.00,39630.00,40449.80,41358.19000000,42976.00000000,39751.00000000,40480.01000000,0.00000177,
1650585600000,40449.70,40786.10,39133.00,39674.20,40480.01000000,40795.06000000,39177.00000000,39709.18000000,0.00005359,
1650672000000,39674.30,40000.00,39259.00,39415.10,39709.19000000,39980.00000000,39285.00000000,39441.60000000,-0.00009023,
1650758400000,39413.80,39930.60,38884.10,39433.40,39441.61000000,39940.00000000,38929.62000000,39450.13000000,-0.00011883,
1650844800000,39433.40,40650.00,38111.00,40411.00,39450.12000000,40616.00000000,38200.00000000,40426.08000000,-0.00003654,
1650931200000,40411.00,40800.00,37671.80,38093.70,40426.08000000,40797.31000000,37702.26000000,38112.65000000,0.00007223,
1651017600000,38093.70,39470.00,37844.50,39209.00,38112.64000000,39474.72000000,37881.31000000,39235.72000000,0.00010000,
1651104000000,39209.00,40376.60,38861.80,39732.50,39235.72000000,40372.63000000,38881.43000000,39742.07000000,-0.00005716,
1651190400000,39732.50,39924.80,38160.00,38572.20,39742.06000000,39925.25000000,38175.00000000,38596.11000000,0.00010000,
1651276800000,38572.20,38782.60,37550.00,37614.50,38596.11000000,38795.38000000,37578.20000000,37630.80000000,-0.00009371,
1651363200000,37614.40,38680.60,37350.00,38440.50,37630.80000000,38675.00000000,37386.38000000,38468.35000000,0.00002403,
1651449600000,38440.20,39222.00,38032.20,38525.60,38468.35000000,39167.34000000,38052.00000000,38525.16000000,0.00010000,
1651536000000,38525.50,38674.70,37500.10,37712.90,38525.16000000,38651.51000000,37517.80000000,37728.95000000,0.00010000,
1651622400000,37713.00,40071.70,37655.20,39684.00,37728.95000000,40023.77000000,37670.00000000,39690.00000000,0.00010000,
1651708800000,39684.10,39845.00,35388.00,36534.70,39690.00000000,39845.51000000,35571.90000000,36552.97000000,0.00010000,
1651795200000,36533.70,36679.30,35200.00,35995.30,36552.97000000,36675.63000000,35258.00000000,36013.77000000,0.00010000,
1651881600000,35995.20,36138.00,34700.00,35466.70,36013.77000000,36146.30000000,34785.00000000,35472.39000000,0.00004197,
1651968000000,35466.70,35504.00,33665.00,34032.00,35472.40000000,35514.22000000,33713.95000000,34038.40000000,-0.00002659,
1652054400000,34032.10,34243.30,30003.60,30056.60,34038.39000000,34243.15000000,30033.33000000,30076.31000000,0.00010000,
1652140800000,30056.00,32650.00,29701.40,31002.10,30074.23000000,32658.99000000,29730.40000000,31017.10000000,0.00010000,
1652227200000,31002.10,32197.60,27651.00,29074.70,31017.11000000,32162.59000000,27785.00000000,29103.94000000,0.00010000,
1652313600000,29077.90,30257.00,26631.00,29020.70,29103.94000000,30243.00000000,26700.00000000,29029.75000000,-0.00003512,
1652400000000,29020.80,31072.60,28730.40,29274.30,29029.74000000,31083.37000000,28751.67000000,29287.05000000,-0.00014678,
1652486400000,29274.20,30352.20,28602.30,30079.80,29287.05000000,30343.27000000,28630.00000000,30086.74000000,0.00010000,
1652572800000,30079.50,31462.00,29448.00,31324.40,30086.74000000,31460.00000000,29480.00000000,31328.89000000,0.00008290,
1652659200000,31324.30,31327.40,29052.30,29866.70,31328.89000000,31328.90000000,29087.04000000,29874.01000000,0.00009053,
1652745600000,29866.40,30794.00,29420.00,30437.00,29874.01000000,30788.37000000,29450.38000000,30444.93000000,0.00010000,
1652832000000,30437.00,30700.00,28629.60,28700.60,30444.93000000,30709.99000000,28654.47000000,28715.32000000,0.00004705,
1652918400000,28700.60,30550.00,28670.50,30319.90,28715.33000000,30545.18000000,28691.38000000,30319.23000000,-0.00000341,
1653004800000,30319.90,30784.40,28702.00,29188.90,30319.22000000,30777.33000000,28730.00000000,29201.01000000,0.00007465,
1653091200000,29188.90,29650.00,28927.00,29427.40,29201.01000000,29656.18000000,28947.28000000,29445.06000000,0.00010000,
1653177600000,29427.40,30500.00,29223.60,30284.00,29445.07000000,30487.99000000,29255.11000000,30293.94000000,0.00002549,
1653264000000,30284.00,30658.00,28840.70,29097.70,30293.93000000,30670.51000000,28866.35000000,29109.15000000,0.00010000,
1653350400000,29097.80,29887.30,28637.60,29643.10,29109.14000000,29845.86000000,28669.00000000,29654.58000000,0.00010000,
1653436800000,29643.00,30246.70,29330.00,29536.70,29654.58000000,30223.74000000,29294.21000000,29542.15000000,0.00002892,
1653523200000,29536.70,29877.00,27952.10,29194.00,29542.14000000,29886.64000000,28019.56000000,29201.35000000,0.00010000,
1653609600000,29194.00,29387.00,28259.60,28623.20,29201.35000000,29397.66000000,28282.90000000,28629.80000000,0.00000721,
1653696000000,28623.30,29265.70,28520.00,29018.80,28629.81000000,29266.00000000,28450.00000000,29031.33000000,0.00010000,
1653782400000,29018.80,29595.20,28825.00,29452.80,29031.33000000,29587.78000000,28839.21000000,29468.10000000,0.00010000,
1653868800000,29452.60,32307.60,29301.10,31726.50,29468.10000000,32222.00000000,29299.62000000,31734.22000000,0.00010000,
1653955200000,31726.50,32427.50,31222.00,31797.80,31734.23000000,32399.00000000,31200.01000000,31801.04000000,0.00010000,
1654041600000,31797.90,31986.10,29300.00,29796.90,31801.05000000,31982.97000000,29301.00000000,29805.83000000,0.00010000,
1654128000000,29796.90,30750.00,29566.10,30437.10,29805.84000000,30689.00000000,29594.55000000,30452.62000000,-0.00001452,
1654214400000,30437.10,30693.20,29220.00,29682.80,30452.63000000,30699.00000000,29282.36000000,29700.21000000,0.00002107,
1654300800000,29682.80,29988.00,29456.00,29848.40,29700.21000000,29988.88000000,29485.00000000,29864.04000000,0.00006937,
1654387200000,29848.50,30250.00,29524.00,29909.90,29864.03000000,30189.00000000,29531.42000000,29919.21000000,0.00005506,
1654473600000,29910.00,31780.00,29876.20,31361.20,29919.20000000,31765.64000000,29890.23000000,31373.10000000,0.00006036,
1654560000000,31361.20,31599.00,29190.00,31118.10,31373.10000000,31589.60000000,29218.96000000,31125.33000000,0.00010000,
1654646400000,31118.00,31325.00,29825.00,30192.50,31125.32000000,31327.22000000,29843.88000000,30204.77000000,-0.00003705,
1654732800000,30192.60,30691.90,29914.50,30093.30,30204.77000000,30700.00000000,29944.10000000,30109.93000000,0.00010000,
1654819200000,30093.40,30374.10,28805.00,29077.70,30109.93000000,30382.80000000,28850.00000000,29091.88000000,0.00010000,
1654905600000,29077.70,29427.90,28080.00,28416.70,29091.87000000,29440.41000000,28099.99000000,28424.70000000,0.00003503,
1654992000000,28416.60,28530.30,26538.70,26564.70,28424.71000000,28544.96000000,26560.00000000,26574.53000000,0.00006606,
1655078400000,26564.70,26877.00,21900.00,22471.50,26574.53000000,26895.84000000,21925.77000000,22487.41000000,0.00000439,
1655164800000,22471.40,23424.20,20823.00,22122.70,22485.27000000,23362.88000000,20846.00000000,22136.41000000,-0.00000580,
1655251200000,22122.70,22800.00,20100.20,22567.50,22136.42000000,22800.00000000,20111.62000000,22583.72000000,-0.00002077,
1655337600000,22567.50,23000.00,20222.00,20387.40,22583.72000000,22995.73000000,20232.00000000,20401.31000000,-0.00000666,
1655424000000,20387.40,21388.00,20228.00,20457.30,20400.60000000,21365.43000000,20246.66000000,20468.81000000,-0.00005277,
1655510400000,20457.30,20768.40,17593.20,18959.70,20468.81000000,20792.06000000,17622.00000000,18970.79000000,0.00005092,
1655596800000,18959.70,20821.00,17935.90,20564.20,18970.79000000,20815.95000000,17960.41000000,20574.00000000,0.00005227,
1655683200000,20564.30,21099.90,19630.00,20570.10,20574.00000000,21090.00000000,19637.03000000,20573.89000000,0.00007239,
1655769600000,20570.00,21740.00,20337.80,20713.10,20573.90000000,21723.00000000,20348.40000000,20723.52000000,0.00006080,
1655856000000,20713.10,20888.00,19745.70,19977.40,20723.51000000,20900.00000000,19770.51000000,19987.99000000,0.00000178,
1655942400000,19977.50,21250.00,19874.00,21096.60,19988.00000000,21233.00000000,19890.07000000,21110.13000000,-0.00000872,
1656028800000,21096.60,21563.50,20732.50,21231.20,21110.12000000,21558.41000000,20736.72000000,21237.69000000,-0.00002656,
1656115200000,21231.20,21627.60,20894.00,21481.90,21237.68000000,21614.50000000,20906.62000000,21491.19000000,0.00010000,
1656201600000,21481.90,21888.00,20952.00,21029.10,21491.18000000,21888.00000000,20964.73000000,21038.07000000,0.00010000,
1656288000000,21029.10,21560.00,20500.00,20730.00,21038.08000000,21539.85000000,20510.00000000,20742.56000000,0.00000669,
1656374400000,20730.00,21198.00,20188.00,20268.60,20742.57000000,21212.10000000,20202.01000000,20281.29000000,0.00006102,
1656460800000,20268.70,20430.00,19817.20,20109.90,20281.28000000,20432.31000000,19854.92000000,20123.01000000,0.00004188,
1656547200000,20109.90,20165.00,18563.00,19923.50,20123.00000000,20179.08000000,18626.00000000,19942.21000000,0.00000324,
1656633600000,19923.30,20926.40,18948.80,19272.00,19942.21000000,20918.35000000,18975.00000000,19279.80000000,-0.00015879,
1656720000000,19272.00,19456.00,18959.00,19240.90,19279.80000000,19467.39000000,18977.01000000,19252.81000000,-0.00002913,
1656806400000,19241.00,19645.40,18780.10,19305.90,19252.82000000,19647.63000000,18781.00000000,19315.83000000,0.00002120,
1656892800000,19306.00,20350.00,19046.30,20226.60,19315.83000000,20354.01000000,19055.31000000,20236.71000000,0.00007251,
1656979200000,20226.30,20749.20,19291.60,20170.00,20236.71000000,20750.00000000,19304.40000000,20175.83000000,0.00005291,
1657065600000,20170.10,20667.60,19753.00,20554.10,20175.84000000,20675.22000000,19761.25000000,20564.51000000,0.00000120,
1657152000000,20554.20,21830.00,20244.90,21613.40,20564.51000000,21838.10000000,20251.68000000,21624.98000000,0.00008373,
1657238400000,21614.50,22579.90,21175.20,21587.90,21624.99000000,22527.37000000,21189.26000000,21594.75000000,0.00010000,
1657324800000,21587.80,22000.00,21309.60,21580.00,21594.75000000,21980.00000000,21322.12000000,21591.83000000,0.00010000,
1657411200000,21580.00,21594.20,20600.00,20853.80,21592.15000000,21607.65000000,20655.00000000,20862.47000000,0.00006143,
1657497600000,20853.80,20853.90,19870.00,19954.30,20861.11000000,20868.48000000,19875.23000000,19963.61000000,0.00004543,
1657584000000,19954.30,20048.90,19228.30,19322.90,19963.61000000,20059.42000000,19240.00000000,19328.75000000,0.00008003,
1657670400000,19322.90,20401.60,18901.00,20220.10,19331.28000000,20366.61000000,18910.94000000,20234.87000000,0.00002667,
1657756800000,20220.10,20900.00,19600.00,20578.60,20234.87000000,20900.00000000,19616.07000000,20588.84000000,-0.00001218,
1657843200000,20578.60,21200.00,20364.30,20823.10,20588.84000000,21200.00000000,20382.29000000,20830.04000000,0.00003451,
1657929600000,20823.10,21580.00,20471.00,21183.50,20830.04000000,21588.94000000,20478.61000000,21195.60000000,0.00001601,
1658016000000,21183.60,21674.10,20742.00,20794.40,21195.60000000,21684.54000000,20750.01000000,20798.16000000,0.00008038,
1658102400000,20794.40,22800.00,20764.40,22423.90,20799.58000000,22777.63000000,20762.45000000,22432.58000000,0.00008709,
1658188800000,22423.50,23817.90,21575.00,23385.90,22432.58000000,23800.00000000,21579.54000000,23396.62000000,0.00010000,
1658275200000,23385.90,24277.00,22912.40,23221.50,23398.48000000,24276.74000000,22906.19000000,23223.30000000,0.00010000,
1658361600000,23221.50,23441.10,22340.20,23144.50,23223.30000000,23442.77000000,22341.46000000,23152.19000000,0.00010000,
1658448000000,23144.50,23750.00,22500.00,22675.10,23152.19000000,23756.49000000,22500.00000000,22684.83000000,0.00010000,
1658534400000,22675.00,22990.00,21933.50,22440.20,22684.83000000,23000.77000000,21934.57000000,22451.07000000,0.00005172,
1658620800000,22440.10,22999.00,22256.40,22570.60,22448.58000000,23014.64000000,22257.15000000,22579.68000000,0.00003770,
1658707200000,22570.60,22656.80,21232.00,21300.00,22577.13000000,22666.00000000,21250.00000000,21310.90000000,0.00010000,
1658793600000,21300.00,21334.40,20689.60,21241.00,21310.90000000,21347.82000000,20706.50000000,21254.67000000,0.00002319,
1658880000000,21241.00,23100.00,21031.00,22941.10,21254.67000000,23112.63000000,21042.53000000,22952.45000000,0.00008659,
1658966400000,22941.10,24194.60,22583.10,23836.20,22954.31000000,24199.72000000,22582.13000000,23842.93000000,0.00002951,
1659052800000,23836.20,24500.00,23426.30,23771.10,23845.25000000,24442.66000000,23414.03000000,23773.75000000,0.00010000,
1659139200000,23771.00,24700.00,23505.00,23629.90,23777.28000000,24668.00000000,23502.25000000,23643.51000000,0.00010000,
1659225600000,23630.00,24187.30,23222.00,23290.10,23644.64000000,24194.82000000,23227.31000000,23293.32000000,0.00010000,
1659312000000,23290.10,23497.00,22836.20,23257.60,23296.36000000,23509.68000000,22850.00000000,23268.01000000,0.00006281,
1659398400000,23257.60,23448.70,22603.00,22975.10,23266.90000000,23459.89000000,22654.37000000,22987.79000000,0.00010000,
1659484800000,22975.10,23650.00,22665.30,22801.50,22985.93000000,23647.68000000,22681.22000000,22818.37000000,0.00005885,
1659571200000,22801.50,23211.30,22370.00,22608.90,22816.91000000,23223.32000000,22400.00000000,22622.98000000,0.00004382,
1659657600000,22608.90,23450.00,22580.60,23298.10,22622.41000000,23472.86000000,22586.95000000,23312.42000000,0.00001436,
1659744000000,23298.00,23341.80,22883.60,22943.30,23313.56000000,23354.36000000,22909.52000000,22954.21000000,0.00002115,
1659830400000,22943.20,23400.00,22830.90,23167.80,22954.21000000,23402.00000000,22844.62000000,23174.39000000,0.00010000,
1659916800000,23167.90,24243.00,23153.10,23804.40,23174.39000000,24245.00000000,23154.25000000,23810.00000000,0.00002401,
1660003200000,23804.30,23913.40,22850.00,23140.20,23810.98000000,23933.25000000,22865.00000000,23149.95000000,0.00010000,
1660089600000,23140.10,24235.20,22608.00,23940.90,23151.32000000,24226.00000000,22664.69000000,23954.05000000,-0.00001314,
1660176000000,23941.00,24972.00,23840.60,23917.20,23954.05000000,24918.54000000,23852.13000000,23934.39000000,0.00009440,
1660262400000,23917.30,24438.80,23560.00,24387.50,23933.09000000,24456.50000000,23583.00000000,24403.68000000,0.00004911,
1660348800000,24387.50,24879.00,24267.50,24429.00,24401.70000000,24888.00000000,24291.22000000,24441.38000000,-0.00003384,
1660435200000,24429.00,25065.00,24138.00,24294.10,24443.06000000,25047.56000000,24144.00000000,24305.24000000,0.00002396,
1660521600000,24294.10,25200.00,23762.00,24085.20,24305.25000000,25211.32000000,23773.22000000,24094.82000000,0.00001239,
1660608000000,24085.20,24234.00,23650.00,23843.00,24093.04000000,24247.49000000,23671.22000000,23854.74000000,-0.00001339,
1660694400000,23843.00,24437.00,23170.00,23333.10,23856.15000000,24446.71000000,23180.40000000,23342.66000000,0.00002870,
1660780800000,23333.10,23595.00,23101.00,23185.10,23342.66000000,23600.00000000,23111.04000000,23191.20000000,0.00009364,
1660867200000,23185.00,23200.00,20760.00,20824.90,23191.45000000,23208.67000000,20783.57000000,20834.39000000,0.00010000,
1660953600000,20825.00,21368.90,20742.90,21127.80,20834.39000000,21382.85000000,20761.90000000,21140.07000000,0.00001070,
1661040000000,21127.70,21804.60,21055.00,21505.60,21140.07000000,21800.00000000,21069.11000000,21515.61000000,-0.00004567,
1661126400000,21505.60,21550.00,20858.60,21387.00,21516.70000000,21548.71000000,20890.18000000,21399.83000000,-0.00003234,
1661212800000,21387.00,21667.20,20874.80,21518.20,21400.75000000,21684.87000000,20890.14000000,21529.12000000,-0.00003345,
1661299200000,21518.20,21925.60,21132.30,21354.90,21529.11000000,21900.00000000,21145.00000000,21368.08000000,0.00000846,
1661385600000,21355.00,21810.90,21295.30,21548.30,21368.05000000,21819.88000000,21310.15000000,21559.04000000,-0.00003538,
1661472000000,21548.30,21867.60,20100.00,20228.70,21559.04000000,21886.77000000,20107.90000000,20241.05000000,0.00004481,
1661558400000,20228.70,20367.70,19744.00,20023.90,20239.14000000,20402.93000000,19800.00000000,20037.60000000,0.00002599,
1661644800000,20024.00,20155.00,19508.00,19547.50,20037.60000000,20171.18000000,19520.00000000,19555.61000000,-0.00004396,
1661731200000,19547.50,20440.00,19539.40,20275.50,19555.61000000,20433.62000000,19550.79000000,20285.73000000,-0.00013623,
1661817600000,20275.50,20574.00,19524.40,19803.10,20287.20000000,20576.25000000,19540.00000000,19811.66000000,-0.00006193,
1661904000000,19803.20,20496.00,19787.90,20041.50,19813.03000000,20490.00000000,19797.94000000,20050.02000000,-0.00002089,
1661990400000,20041.40,20198.30,19555.00,20122.50,20048.44000000,20208.37000000,19565.66000000,20131.46000000,0.00004950,
1662076800000,20122.60,20434.30,19736.00,19941.00,20132.64000000,20441.26000000,19755.29000000,19951.86000000,0.00003630,
1662163200000,19941.00,20050.00,19628.70,19820.70,19950.98000000,20055.93000000,19652.72000000,19831.90000000,-0.00000199,
1662249600000,19820.70,20022.40,19570.00,19992.70,19832.45000000,20029.23000000,19583.10000000,20000.30000000,0.00001115,
1662336000000,19992.70,20046.70,19620.20,19784.90,20000.30000000,20057.27000000,19633.83000000,19796.84000000,0.00002119,
1662422400000,19784.90,20174.70,18600.00,18781.50,19795.34000000,20180.00000000,18649.51000000,18790.61000000,0.00004712,
1662508800000,18781.40,19455.00,18500.00,19287.00,18790.61000000,19464.06000000,18510.77000000,19292.84000000,0.00003473,
1662595200000,19287.00,19450.00,19003.80,19309.30,19292.85000000,19458.25000000,19012.00000000,19319.77000000,-0.00003480,
1662681600000,19309.30,21666.00,19283.00,21352.00,19320.54000000,21597.22000000,19291.75000000,21360.11000000,0.00005667,
1662768000000,21352.00,21825.00,21112.20,21639.50,21361.62000000,21810.80000000,21111.13000000,21648.34000000,0.00010000,
1662854400000,21639.50,21883.40,21336.00,21820.30,21647.21000000,21860.00000000,21350.00000000,21826.87000000,0.00010000,
1662940800000,21820.30,22474.00,21540.00,22386.00,21826.87000000,22488.00000000,21538.51000000,22395.74000000,0.00006712,
1663027200000,22386.00,22850.00,19840.00,20162.50,22395.44000000,22799.00000000,19860.00000000,20173.57000000,0.00010000,
1663113600000,20162.60,20528.50,19600.00,20217.00,20173.62000000,20541.48000000,19617.62000000,20226.71000000,-0.00003953,
1663200000000,20217.00,20315.00,19453.00,19690.80,20227.17000000,20330.24000000,19497.00000000,19701.88000000,0.00001004,
1663286400000,19690.80,19878.00,19300.00,19792.50,19701.88000000,19890.00000000,19320.01000000,19803.30000000,0.00008055,
1663372800000,19792.40,20182.60,19739.40,20102.00,19803.30000000,20189.00000000,19748.08000000,20113.62000000,0.00003024,
1663459200000,20102.00,20105.30,19325.80,19404.50,20112.61000000,20117.26000000,19335.62000000,19416.18000000,0.00006428,
1663545600000,19404.50,19686.30,18215.00,19528.60,19417.45000000,19686.20000000,18232.56000000,19537.02000000,0.00003564,
1663632000000,19528.60,19625.00,18690.10,18866.80,19537.02000000,19634.62000000,18711.87000000,18875.00000000,0.00000600,
1663718400000,18866.70,20154.10,18084.30,18447.50,18874.31000000,19956.00000000,18125.98000000,18461.36000000,0.00001721,
1663804800000,18447.50,19504.80,18345.20,19392.50,18461.36000000,19550.17000000,18356.39000000,19401.63000000,-0.00011779,
1663891200000,19392.50,19492.00,18518.50,19280.70,19401.63000000,19500.00000000,18531.42000000,19289.91000000,0.00007743,
1663977600000,19280.70,19304.50,18798.00,18911.00,19288.57000000,19316.14000000,18805.34000000,18920.50000000,0.00002947,
1664064000000,18910.90,19196.00,18621.00,18799.70,18921.99000000,19180.21000000,18629.20000000,18807.38000000,0.00005345,
1664150400000,18799.70,19311.50,18671.00,19216.30,18809.13000000,19318.96000000,18680.72000000,19227.82000000,0.00002593,
1664236800000,19216.30,20375.00,18801.50,19070.10,19226.68000000,20385.86000000,18816.32000000,19079.13000000,0.00004497,
1664323200000,19070.10,19787.60,18460.00,19407.30,19078.10000000,19790.00000000,18471.28000000,19412.82000000,0.00008538,
1664409600000,19407.40,19648.80,18827.20,19582.50,19412.82000000,19645.52000000,18843.01000000,19591.51000000,0.00005332,
1664496000000,19582.50,20172.70,19066.00,19411.70,19590.54000000,20185.00000000,19155.36000000,19422.61000000,0.00006685,
1664582400000,19411.60,19474.00,19140.00,19304.00,19422.61000000,19484.00000000,19159.42000000,19310.95000000,0.00010000,
1664668800000,19304.00,19389.00,18896.00,19049.40,19312.24000000,19395.91000000,18920.35000000,19056.80000000,0.00004262,
1664755200000,19049.30,19723.70,18950.80,19622.00,19057.74000000,19719.10000000,18959.68000000,19629.08000000,0.00003996,
1664841600000,19621.90,20500.00,19480.10,20333.00,19629.08000000,20475.00000000,19490.60000000,20337.82000000,0.00010000,
1664928000000,20332.90,20356.10,19707.00,20150.00,20337.82000000,20365.60000000,19730.00000000,20158.26000000,0.00010000,
1665014400000,20149.90,20443.90,19843.30,19954.00,20158.26000000,20456.60000000,19853.00000000,19960.67000000,0.00010000,
1665100800000,19954.00,20067.00,19304.40,19520.90,19960.67000000,20068.82000000,19320.00000000,19530.09000000,0.00010000,
1665187200000,19520.90,19619.60,19200.00,19406.20,19530.09000000,19627.38000000,19237.14000000,19417.96000000,0.00007513,
1665273600000,19406.30,19550.00,19310.00,19430.00,19416.52000000,19558.00000000,19316.04000000,19439.02000000,0.00003246,
1665360000000,19430.00,19513.00,19000.00,19124.00,19439.96000000,19525.00000000,19020.25000000,19131.87000000,0.00001951,
1665446400000,19124.10,19260.00,18850.00,19055.00,19131.87000000,19268.09000000,18860.00000000,19060.00000000,0.00010000,
1665532800000,19055.00,19240.00,18924.30,19148.00,19060.00000000,19238.31000000,18965.88000000,19155.53000000,0.00010000,
1665619200000,19148.10,19498.60,17917.80,19365.50,19155.10000000,19513.79000000,18190.00000000,19375.13000000,0.00010000,
1665705600000,19365.40,19947.90,19059.60,19164.60,19375.58000000,19951.87000000,19070.37000000,19176.93000000,0.00003936,
1665792000000,19164.60,19218.80,18966.00,19060.40,19176.93000000,19227.68000000,18975.18000000,19069.39000000,0.00008395,
1665878400000,19060.40,19415.90,19058.00,19251.90,19068.40000000,19425.84000000,19063.74000000,19262.98000000,0.00004563,
1665964800000,19251.80,19666.00,19148.00,19540.60,19262.98000000,19676.96000000,19152.03000000,19549.86000000,0.00003394,
1666051200000,19540.70,19706.40,19081.00,19320.90,19548.48000000,19706.66000000,19091.00000000,19327.44000000,0.00006458,
1666137600000,19320.90,19349.80,19050.00,19116.70,19327.44000000,19360.16000000,19065.97000000,19123.97000000,0.00010000,
1666224000000,19116.60,19350.00,18882.40,19034.70,19123.35000000,19347.82000000,18900.00000000,19041.92000000,0.00010000,
1666310400000,19034.80,19240.00,18600.00,19150.90,19041.92000000,19250.00000000,18650.00000000,19164.37000000,0.00002095,
1666396800000,19151.00,19250.00,19103.50,19195.10,19164.37000000,19257.00000000,19112.72000000,19204.35000000,0.00003721,
1666483200000,19195.10,19690.00,19050.00,19560.70,19204.29000000,19695.00000000,19070.11000000,19570.40000000,-0.00000319,
1666569600000,19560.60,19593.30,19146.00,19318.10,19570.40000000,19601.15000000,19157.00000000,19329.72000000,0.00005174,
1666656000000,19318.10,20415.00,19228.00,20068.30,19330.60000000,20415.87000000,19237.00000000,20080.07000000,0.00002328,
1666742400000,20068.30,21030.00,20041.10,20758.30,20079.02000000,21020.00000000,20050.41000000,20771.59000000,-0.00000166,
1666828800000,20758.40,20863.70,20170.00,20285.50,20771.61000000,20872.21000000,20200.00000000,20295.11000000,0.00006122,
1666915200000,20285.60,20740.00,19951.00,20582.80,20295.11000000,20750.00000000,20000.09000000,20591.84000000,-0.00001228,
1667001600000,20582.70,21088.00,20547.80,20796.70,20591.84000000,21085.00000000,20554.01000000,20809.67000000,0.00002484,
1667088000000,20796.70,20925.20,20503.00,20615.60,20809.68000000,20931.21000000,20515.00000000,20627.48000000,-0.00002515,
1667174400000,20615.50,20838.70,20225.40,20482.00,20627.48000000,20845.92000000,20237.95000000,20490.74000000,0.00005135,
1667260800000,20482.10,20687.00,20320.00,20472.10,20490.74000000,20700.00000000,20330.74000000,20483.62000000,0.00000722,
1667347200000,20472.10,20796.00,20050.00,20140.10,20482.81000000,20800.00000000,20048.04000000,20151.84000000,0.00004787,
1667433600000,20140.20,20400.00,20026.00,20199.70,20151.84000000,20393.32000000,20031.24000000,20207.82000000,0.00006046,
1667520000000,20199.80,21297.00,20171.60,21137.60,20207.12000000,21302.05000000,20180.96000000,21148.52000000,0.00004429,
1667606400000,21137.60,21473.70,21071.10,21289.90,21148.52000000,21480.65000000,21080.65000000,21299.37000000,0.00006899,
1667692800000,21289.80,21355.80,20863.30,20900.00,21299.37000000,21365.27000000,20886.13000000,20905.58000000,0.00010000,
1667779200000,20900.00,21062.60,20374.00,20578.60,20905.58000000,21069.77000000,20384.89000000,20591.13000000,0.00006866,
1667865600000,20578.50,20685.00,16830.00,18534.00,20590.67000000,20700.88000000,17166.83000000,18547.23000000,0.00006515,
1667952000000,18533.90,18574.90,15462.60,15905.00,18545.38000000,18587.76000000,15588.00000000,15922.81000000,-0.00013884,
1668038400000,15905.00,18230.00,15730.00,17588.00,15922.68000000,18199.00000000,15754.26000000,17601.15000000,-0.00032976,
1668124800000,17588.00,17678.00,16343.00,17058.30,17602.45000000,17695.00000000,16361.60000000,17070.31000000,-0.00019452,
1668211200000,17058.40,17110.80,16623.80,16806.90,17069.98000000,17119.10000000,16631.39000000,16812.08000000,-0.00005802,
1668297600000,16806.90,16950.00,16210.30,16321.20,16813.16000000,16954.28000000,16229.00000000,16329.85000000,0.00006521,
1668384000000,16321.30,17188.00,15805.50,16605.20,16331.78000000,17190.00000000,15815.21000000,16619.46000000,-0.00003809,
1668470400000,16605.30,17127.20,16516.70,16888.30,16617.72000000,17134.69000000,16527.72000000,16900.57000000,-0.00001132,
1668556800000,16888.30,17007.40,16358.00,16650.60,16900.57000000,17015.92000000,16378.61000000,16662.76000000,0.00002275,
1668643200000,16650.70,16741.70,16403.30,16682.10,16661.61000000,16751.00000000,16410.74000000,16692.56000000,-0.00004542,
1668729600000,16682.10,16984.40,16541.10,16689.70,16692.56000000,17011.00000000,16546.04000000,16700.45000000,-0.00002701,
1668816000000,16689.70,16814.50,16543.80,16692.90,16699.43000000,16822.41000000,16553.53000000,16700.68000000,0.00005556,
1668902400000,16693.00,16743.90,16167.10,16272.60,16700.68000000,16753.33000000,16180.00000000,16280.23000000,-0.00001169,
1668988800000,16272.70,16304.30,15443.20,15773.00,16279.50000000,16319.00000000,15476.00000000,15781.29000000,-0.00000979,
1669075200000,15772.90,16309.00,15610.30,16220.60,15781.29000000,16315.00000000,15616.63000000,16226.94000000,-0.00007485,
1669161600000,16220.50,16703.40,16155.50,16595.80,16227.96000000,16706.00000000,16160.20000000,16603.11000000,0.00009406,
1669248000000,16595.80,16800.00,16450.00,16592.40,16603.11000000,16812.63000000,16458.05000000,16598.95000000,-0.00000390,
1669334400000,16592.50,16639.90,16331.70,16516.10,16599.55000000,16666.00000000,16342.81000000,16522.14000000,0.00006272,
1669420800000,16516.20,16699.10,16369.10,16449.20,16521.35000000,16701.99000000,16385.00000000,16458.57000000,0.00001329,
1669507200000,16449.20,16594.20,16396.00,16422.60,16457.61000000,16600.00000000,16401.00000000,16428.78000000,0.00003523,
1669593600000,16422.50,16475.00,15984.10,16204.50,16428.77000000,16487.04000000,15995.27000000,16212.91000000,0.00003784,
1669680000000,16204.60,16543.00,16088.00,16433.20,16212.18000000,16548.71000000,16100.00000000,16442.53000000,0.00004760,
1669766400000,16433.30,17248.30,16421.50,17153.30,16442.91000000,17249.00000000,16428.30000000,17163.64000000,0.00004171,
1669852800000,17153.40,17348.50,16851.20,16970.50,17165.53000000,17324.00000000,16855.01000000,16977.37000000,0.00009511,
1669939200000,16970.50,17096.30,16760.00,17083.00,16978.00000000,17105.73000000,16787.85000000,17092.74000000,0.00010000,
1670025600000,17083.00,17160.00,16850.10,16879.50,17092.13000000,17188.98000000,16858.74000000,16885.20000000,-0.00003753,
1670112000000,16879.50,17206.20,16874.10,17099.50,16885.20000000,17202.84000000,16878.25000000,17105.70000000,0.00010000,
1670198400000,17099.50,17430.00,16860.60,16958.30,17106.65000000,17424.25000000,16867.00000000,16966.35000000,0.00004581,
1670284800000,16958.20,17100.00,16899.90,17078.60,16966.35000000,17107.01000000,16906.37000000,17088.96000000,0.00004603,
1670371200000,17078.70,17130.00,16655.00,16828.00,17088.96000000,17142.21000000,16678.83000000,16836.64000000,0.00007887,
1670457600000,16828.00,17294.90,16710.40,17216.00,16836.64000000,17299.00000000,16733.49000000,17224.10000000,-0.00001492,
1670544000000,17216.00,17365.40,17052.00,17122.00,17224.10000000,17360.00000000,17058.21000000,17128.56000000,0.00000167,
1670630400000,17122.00,17228.60,17081.00,17120.00,17128.56000000,17227.72000000,17092.00000000,17127.49000000,0.00003198,
1670716800000,17120.10,17265.00,17060.00,17077.30,17127.49000000,17270.99000000,17071.00000000,17085.05000000,0.00001711,
1670803200000,17077.30,17237.90,16865.00,17200.00,17085.05000000,17241.89000000,16871.85000000,17209.83000000,0.00002406,
1670889600000,17200.00,18100.00,17076.00,17777.10,17208.93000000,18000.00000000,17080.14000000,17774.70000000,0.00003003,
1670976000000,17777.10,18400.00,17659.40,17803.90,17775.82000000,18387.95000000,17660.94000000,17803.15000000,0.00010000,
1671062400000,17804.00,17849.50,17258.00,17351.80,17804.01000000,17854.82000000,17275.51000000,17356.34000000,0.00010000,
1671148800000,17351.90,17528.00,16521.10,16624.10,17356.96000000,17531.73000000,16527.32000000,16632.12000000,0.00005180,
1671235200000,16624.10,16790.00,16571.80,16768.00,16631.50000000,16796.82000000,16579.85000000,16776.52000000,-0.00001987,
1671321600000,16768.10,16872.00,16656.00,16730.30,16777.54000000,16863.26000000,16663.07000000,16738.21000000,0.00009707,
1671408000000,16730.40,16809.60,16210.00,16429.20,16739.00000000,16815.99000000,16256.30000000,16438.88000000,0.00006468,
1671494400000,16429.20,17049.60,16390.30,16887.20,16438.88000000,17061.27000000,16397.20000000,16895.56000000,0.00004496,
1671580800000,16887.30,16924.20,16694.20,16819.60,16896.15000000,16925.00000000,16723.00000000,16824.67000000,0.00003401,
1671667200000,16819.70,16861.90,16556.10,16815.50,16824.68000000,16868.52000000,16559.85000000,16821.43000000,0.00007582,
1671753600000,16815.50,16960.00,16690.00,16776.40,16821.90000000,16955.14000000,16731.13000000,16778.50000000,0.00007198,
1671840000000,16776.30,16859.90,16774.40,16828.90,16778.52000000,16869.99000000,16776.62000000,16836.12000000,0.00008903,
1671926400000,16829.00,16850.00,16700.00,16824.40,16835.73000000,16857.96000000,16721.00000000,16832.11000000,0.00000521,
1672012800000,16824.50,16936.80,16781.10,16912.90,16832.11000000,16944.52000000,16791.00000000,16919.39000000,0.00003060,
1672099200000,16912.80,16968.00,16580.00,16698.20,16919.39000000,16972.83000000,16592.37000000,16706.36000000,0.00002871,
1672185600000,16698.20,16778.30,16455.60,16539.00,16706.06000000,16785.19000000,16465.33000000,16547.31000000,0.00001951,
1672272000000,16538.90,16659.00,16485.10,16630.30,16547.32000000,16664.41000000,16488.91000000,16633.47000000,0.00002111,
1672358400000,16630.30,16666.60,16320.00,16601.20,16633.47000000,16677.35000000,16333.00000000,16607.48000000,0.00010000,
1672444800000,16601.20,16640.00,16461.80,16537.60,16607.48000000,16644.09000000,16470.00000000,16542.40000000,0.00010000,
1672531200000,16537.50,16618.80,16488.00,16610.30,16541.77000000,16628.00000000,16499.01000000,16616.75000000,0.00010000,
1672617600000,16610.40,16799.00,16541.20,16666.00,16617.17000000,16799.23000000,16548.70000000,16672.87000000,-0.00001488,
1672704000000,16665.90,16774.00,16600.30,16667.20,16672.78000000,16778.40000000,16605.28000000,16675.18000000,0.00002670,
1672790400000,16667.30,16984.60,16645.70,16842.10,16675.65000000,16991.87000000,16652.66000000,16850.36000000,0.00006489,
1672876800000,16842.20,16872.80,16740.40,16823.80,16850.36000000,16879.82000000,16753.00000000,16831.85000000,0.00004931,
1672963200000,16823.80,17030.00,16664.80,16943.80,16831.85000000,17041.00000000,16679.00000000,16950.65000000,0.00007264,
1673049600000,16943.90,16973.60,16900.10,16936.50,16950.31000000,16981.91000000,16908.00000000,16943.57000000,0.00008658,
1673136000000,16936.50,17181.10,16905.00,17124.70,16943.83000000,17176.99000000,16911.00000000,17127.83000000,0.00010000,
1673222400000,17124.60,17387.80,17098.20,17169.70,17127.83000000,17398.80000000,17104.66000000,17178.26000000,0.00007452,
1673308800000,17169.60,17485.40,17140.40,17428.80,17179.04000000,17499.00000000,17146.34000000,17440.66000000,0.00000905,
1673395200000,17428.80,18013.20,17306.40,17935.70,17440.64000000,18000.00000000,17315.60000000,17943.26000000,0.00003129,
1673481600000,17935.60,19120.00,17902.40,18838.00,17943.26000000,19117.04000000,17892.05000000,18846.62000000,0.00007549,
1673568000000,18838.10,19997.80,18711.00,19924.20,18846.62000000,20000.00000000,18714.12000000,19930.01000000,0.00010000,
1673654400000,19924.30,21544.00,19882.60,20962.80,19930.01000000,21258.00000000,19888.05000000,20954.92000000,0.00008746,
1673740800000,20962.80,21073.80,20556.00,20882.70,20952.76000000,21050.74000000,20551.01000000,20871.50000000,0.00010000,
1673827200000,20882.70,21498.00,20606.60,21188.30,20872.99000000,21474.05000000,20611.48000000,21185.65000000,0.00019892,
1673913600000,21188.20,21640.00,20827.80,21130.90,21185.65000000,21647.45000000,20841.31000000,21134.81000000,0.00010000,
1674000000000,21130.80,21672.00,20386.00,20680.00,21132.29000000,21650.00000000,20407.15000000,20677.47000000,0.00010000,
1674086400000,20680.10,21183.90,20659.90,21068.30,20677.47000000,21192.00000000,20659.19000000,21071.59000000,0.00010000,
1674172800000,21068.30,22750.00,20856.40,22661.10,21071.59000000,22755.93000000,20861.28000000,22667.21000000,0.00010000,
1674259200000,22661.00,23390.00,22422.00,22781.90,22666.00000000,23371.80000000,22422.00000000,22783.55000000,0.00010000,
1674345600000,22781.80,23080.20,22287.00,22704.60,22783.35000000,23078.71000000,22292.37000000,22707.88000000,0.00010000,
1674432000000,22704.70,23193.10,22500.00,22913.10,22706.02000000,23180.00000000,22500.00000000,22916.45000000,0.00010000,
1674518400000,22913.30,23158.70,22450.00,22627.40,22917.81000000,23162.20000000,22462.93000000,22632.89000000,0.00010000,
1674604800000,22627.50,23837.40,22310.50,23060.60,22631.94000000,23816.73000000,22300.00000000,23060.94000000,0.00010000,
1674691200000,23060.60,23278.70,22843.80,23001.90,23060.42000000,23282.47000000,22850.01000000,23009.65000000,0.00010000,
1674777600000,23001.90,23500.00,22516.60,23068.00,23009.65000000,23500.00000000,22534.88000000,23074.16000000,0.00010000,
1674864000000,23068.10,23185.00,22870.80,23015.90,23074.16000000,23189.00000000,22878.46000000,23022.60000000,0.00010000,
1674950400000,23016.00,23962.70,22961.50,23740.30,23021.40000000,23960.54000000,22967.76000000,23742.30000000,0.00010000,
1675036800000,23740.20,23804.60,22484.20,22819.90,23743.37000000,23800.51000000,22500.00000000,22826.15000000,0.00010000,
1675123200000,22819.90,23330.00,22715.30,23119.40,22827.38000000,23320.00000000,22714.77000000,23125.13000000,0.00010000,
1675209600000,23119.50,23852.40,22747.00,23730.00,23125.13000000,23812.66000000,22760.23000000,23732.66000000,0.00010000,
1675296000000,23730.10,24281.40,23365.00,23493.10,23731.41000000,24255.00000000,23363.27000000,23488.94000000,0.00010000,
1675382400000,23493.00,23719.90,23201.00,23424.70,23489.33000000,23715.70000000,23204.62000000,23431.90000000,0.00010000,
1675468800000,23424.70,23591.40,23250.00,23322.60,23431.90000000,23587.78000000,23253.96000000,23326.84000000,0.00010000,
1675555200000,23322.60,23436.00,22741.00,22929.20,23327.66000000,23433.33000000,22743.00000000,22932.91000000,0.00010000,
1675641600000,22929.30,23159.40,22600.00,22757.70,22932.91000000,23158.25000000,22628.13000000,22762.52000000,0.00010000,
1675728000000,22757.80,23368.60,22742.40,23234.10,22762.52000000,23350.25000000,22745.78000000,23240.46000000,0.00010000,
1675814400000,23234.10,23450.00,22662.90,22955.90,23242.42000000,23452.00000000,22665.85000000,22963.00000000,0.00010000,
1675900800000,22955.90,23007.80,21684.70,21793.40,22961.85000000,23011.39000000,21688.00000000,21796.35000000,0.00010000,
1675987200000,21793.30,21933.80,21405.00,21618.60,21797.83000000,21938.16000000,21451.00000000,21625.19000000,0.00010000,
1676073600000,21618.60,21891.90,21594.40,21851.30,21625.19000000,21906.32000000,21599.78000000,21862.55000000,0.00010000,
1676160000000,21851.20,22080.90,21618.00,21771.10,21862.02000000,22090.00000000,21630.00000000,21783.54000000,0.00005241,
1676246400000,21771.00,21888.00,21338.00,21766.20,21782.37000000,21894.99000000,21351.07000000,21773.97000000,0.00002270,
1676332800000,21766.10,22320.00,21485.20,22187.40,21774.63000000,22319.08000000,21532.77000000,22199.84000000,0.00010000,
1676419200000,22187.40,24420.00,22038.50,24332.60,22199.84000000,24380.00000000,22047.28000000,24324.05000000,0.00008887,
1676505600000,24332.70,25290.00,23518.00,23526.60,24322.87000000,25250.00000000,23505.25000000,23517.72000000,0.00009071,
1676592000000,23526.60,25043.20,23350.00,24581.50,23517.72000000,25021.11000000,23339.37000000,24569.97000000,0.00023171,
1676678400000,24581.30,24887.50,24430.60,24636.90,24568.24000000,24877.00000000,24430.00000000,24631.95000000,0.00010000,
1676764800000,24636.80,25200.00,24179.40,24265.90,24632.05000000,25192.00000000,24192.57000000,24271.76000000,0.00010000,
1676851200000,24265.90,25140.00,23827.00,24849.90,24272.51000000,25121.23000000,23840.83000000,24842.20000000,0.00010000,
1676937600000,24849.90,25347.60,24150.00,24443.40,24843.89000000,25250.00000000,24148.34000000,24452.16000000,0.00010000,
1677024000000,24443.30,24468.50,23572.00,24171.30,24450.67000000,24476.05000000,23574.69000000,24182.21000000,0.00010000,
1677110400000,24171.30,24588.00,23590.00,23928.80,24182.21000000,24599.59000000,23608.00000000,23940.20000000,0.00010000,
1677196800000,23928.70,24138.60,22800.00,23175.60,23940.20000000,24132.35000000,22841.19000000,23185.29000000,0.00003631,
1677283200000,23175.50,23210.50,22700.00,23146.20,23184.04000000,23219.13000000,22722.00000000,23157.07000000,0.00005440,
1677369600000,23146.20,23675.00,23050.00,23545.30,23157.07000000,23689.99000000,23059.18000000,23554.85000000,-0.00000048,
1677456000000,23545.20,23888.00,23088.00,23480.00,23554.85000000,23897.99000000,23106.77000000,23492.09000000,0.00006581,
1677542400000,23480.00,23592.80,23010.00,23129.60,23492.09000000,23600.00000000,23020.97000000,23141.57000000,0.00006826,
1677628800000,23129.70,24022.70,23008.40,23619.80,23141.57000000,24000.00000000,23020.03000000,23628.97000000,0.00005950,
